GROUP,CONAME,DIST,DISTNAME,PP18A,RK18A,PCT18A,PP28A,RK28A,PCT28A,PP38A,RK38A,PCT38A
A. K-6,Statewide,N.A.,1. State average - Operating Type K-6,39,N.A.,0.003,42,N.A.,0.003,34,N.A.,0.002
A. K-6,Statewide,N.A.,2. State median - Operating Type K-6,39,N.A.,0.003,32,N.A.,0.002,33,N.A.,0.002
A. K-6,Statewide,N.A.,5. State average - All operating types,47,N.A.,0.003,47,N.A.,0.003,43,N.A.,0.003
A. K-6,Statewide,N.A.,6. State median - All operating types,39,N.A.,0.003,40,N.A.,0.003,41,N.A.,0.003
A. K-6,Bergen,1270,Edgewater Boro,54,41|56,0.005,52,38|56,0.004,17,5|56,0.001
A. K-6,Bergen,3870,Oradell Boro,51,38|56,0.004,86,46|56,0.006,53,42|56,0.004
A. K-6,Bergen,4410,River Edge Boro,15,9|56,0.001,20,15|56,0.002,21,9|56,0.001
A. K-6,Bergen,4620,Saddle River Boro,95,51|56,0.004,57,42|56,0.002,48,38|56,0.002
A. K-6,Burlington,200,Bass River Twp,16,13|56,8E-4,26,24|56,0.001,58,45|56,0.003
A. K-6,Burlington,830,Chesterfield Twp,35,27|56,0.003,96,48|56,0.008,62,46|56,0.005
A. K-6,Burlington,2960,Mansfield Twp,59,44|56,0.004,109,53|56,0.007,50,39|56,0.003
A. K-6,Burlington,3650,North Hanover Twp,9,6|56,61E-5,17,12|56,0.001,30,22|56,0.002
A. K-6,Burlington,5010,Springfield Twp,28,22|56,0.001,24,21|56,0.001,25,16|56,0.001
A. K-6,Camden,2540,Laurel Springs Boro,17,14|56,0.002,2,4|56,17E-5,N.R.,N.R.,N.R.
A. K-6,Camden,5560,Waterford Twp,94,50|56,0.006,175,55|56,0.01,64,48|56,0.004
A. K-6,Cape May,710,Cape May City,20,18|56,0.001,24,21|56,0.001,27,18|56,0.002
A. K-6,Cape May,2840,Lower Twp,42,29|56,0.003,15,11|56,0.001,21,9|56,0.001
A. K-6,Cape May,5610,West Cape May Boro,180,53|56,0.011,97,49|56,0.007,45,37|56,0.003
A. K-6,Essex,1400,Essex Fells Boro,257,54|56,0.013,63,43|56,0.003,111,54|56,0.005
A. K-6,Essex,1465,Fairfield Twp,75,48|56,0.005,63,43|56,0.004,57,44|56,0.004
A. K-6,Essex,3630,North Caldwell Boro,49,36|56,0.003,21,17|56,0.001,68,51|56,0.004
A. K-6,Essex,4530,Roseland Boro,74,47|56,0.005,90,47|56,0.006,67,50|56,0.004
A. K-6,Gloucester,1180,East Greenwich Twp,31,25|56,0.003,55,41|56,0.005,42,35|56,0.003
A. K-6,Gloucester,1330,Elk Twp,48,34|56,0.004,31,26|56,0.002,35,31|56,0.002
A. K-6,Gloucester,1590,Franklin Twp,17,14|56,0.001,20,15|56,0.002,31,23|56,0.002
A. K-6,Gloucester,2070,Harrison Twp,33,26|56,0.003,39,31|56,0.003,29,21|56,0.002
A. K-6,Gloucester,2990,Mantua Twp,5,3|56,35E-5,6,7|56,39E-5,11,3|56,81E-5
A. K-6,Gloucester,3490,National Park Boro,1,1|56,96E-6,1,1|56,33E-6,9,1|56,52E-5
A. K-6,Gloucester,4880,South Harrison Twp,49,36|56,0.004,4,5|56,35E-5,31,23|56,0.003
A. K-6,Gloucester,5120,Swedesboro-Woolwich,30,23|56,0.003,30,25|56,0.002,27,18|56,0.002
A. K-6,Gloucester,5590,Wenonah Boro,13,8|56,89E-5,23,19|56,0.001,18,7|56,0.001
A. K-6,Gloucester,5740,Westville Boro,2,2|56,17E-5,18,13|56,0.002,13,4|56,0.001
A. K-6,Gloucester,5870,Woodbury Heights Boro,9,6|56,64E-5,25,23|56,0.002,17,5|56,0.001
A. K-6,Hunterdon,2590,Lebanon Boro,70,46|56,0.003,32,28|56,0.002,64,48|56,0.003
A. K-6,Monmouth,130,Atlantic Highlands Boro,55,42|56,0.004,71,45|56,0.005,52,41|56,0.003
A. K-6,Monmouth,2160,Highlands Boro,25,19|56,0.001,124,54|56,0.006,74,52|56,0.003
A. K-6,Monmouth,4520,Roosevelt Boro,56,43|56,0.003,31,26|56,0.002,63,47|56,0.003
A. K-6,Morris,3240,Mine Hill Twp,47,32|56,0.003,105,52|56,0.007,34,29|56,0.002
A. K-6,Ocean,230,Beach Haven Boro,356,55|56,0.012,97,49|56,0.004,101,53|56,0.003
A. K-6,Ocean,320,Berkeley Twp,17,14|56,0.001,9,8|56,68E-5,10,2|56,66E-5
A. K-6,Ocean,1150,Eagleswood Twp,99,52|56,0.007,52,38|56,0.003,34,29|56,0.002
A. K-6,Ocean,2350,Island Heights Boro,27,21|56,0.002,32,28|56,0.002,31,23|56,0.002
A. K-6,Ocean,2690,Little Egg Harbor Twp,47,32|56,0.003,40,32|56,0.003,26,17|56,0.002
A. K-6,Ocean,2760,Long Beach Island,372,56|56,0.014,282,56|56,0.011,202,55|56,0.007
A. K-6,Ocean,3800,Ocean Gate Boro,51,38|56,0.003,53,40|56,0.003,50,39|56,0.003
A. K-6,Ocean,3820,Ocean Twp,92,49|56,0.005,51,37|56,0.003,38,33|56,0.002
A. K-6,Ocean,4710,Seaside Heights Boro,30,23|56,0.002,23,19|56,0.001,20,8|56,97E-5
A. K-6,Ocean,5020,Stafford Twp,15,9|56,0.001,50,36|56,0.003,31,23|56,0.002
A. K-6,Ocean,5220,Tuckerton Boro,15,9|56,0.001,22,18|56,0.001,21,9|56,0.001
A. K-6,Sussex,1630,Fredon Twp,26,20|56,0.002,48,34|56,0.003,42,35|56,0.002
A. K-6,Sussex,1980,Hampton Twp,48,34|56,0.003,1,1|56,32E-6,21,9|56,0.001
A. K-6,Sussex,4650,Sandyston-Walpack Twp,46,30|56,0.002,12,9|56,63E-5,33,28|56,0.002
A. K-6,Sussex,5040,Stillwater Twp,53,40|56,0.003,13,10|56,74E-5,53,42|56,0.003
A. K-6,Warren,400,Blairstown Twp,46,30|56,0.003,44,33|56,0.003,32,27|56,0.002
A. K-6,Warren,1620,Franklin Twp,8,5|56,43E-5,38,30|56,0.002,35,31|56,0.002
A. K-6,Warren,1670,Frelinghuysen Twp,61,45|56,0.004,104,51|56,0.007,27,18|56,0.001
A. K-6,Warren,2470,Knowlton Twp,7,4|56,41E-5,1,1|56,76E-6,21,9|56,97E-5
A. K-6,Warren,2970,Mansfield Twp,15,9|56,0.001,4,5|56,3E-4,24,14|56,0.002
A. K-6,Warren,5480,Washington Boro,17,14|56,0.001,19,14|56,0.001,24,14|56,0.002
A. K-6,Warren,5530,Washington Twp,35,27|56,0.002,49,35|56,0.003,41,34|56,0.002
B. K-8 / 0 - 400,Statewide,N.A.,1. State average - Operating Type K-8,42,N.A.,0.003,42,N.A.,0.003,40,N.A.,0.002
B. K-8 / 0 - 400,Statewide,N.A.,2. State median - Operating Type K-8,41,N.A.,0.003,41,N.A.,0.003,44,N.A.,0.003
B. K-8 / 0 - 400,Statewide,N.A.,5. State average - All operating types,47,N.A.,0.003,47,N.A.,0.003,43,N.A.,0.003
B. K-8 / 0 - 400,Statewide,N.A.,6. State median - All operating types,39,N.A.,0.003,40,N.A.,0.003,41,N.A.,0.003
B. K-8 / 0 - 400,Atlantic,1410,Estell Manor City,124,66|75,0.008,62,45|75,0.004,53,47|75,0.003
B. K-8 / 0 - 400,Atlantic,1540,Folsom Boro,15,N.A.,0.001,44,N.A.,0.003,50,44|75,0.003
B. K-8 / 0 - 400,Atlantic,3020,Margate City,72,50|75,0.003,61,43|75,0.002,69,66|75,0.002
B. K-8 / 0 - 400,Atlantic,4240,Port Republic City,80,56|75,0.005,82,50|75,0.005,58,57|75,0.003
B. K-8 / 0 - 400,Atlantic,5760,Weymouth Twp,50,40|75,0.003,62,45|75,0.003,53,47|75,0.003
B. K-8 / 0 - 400,Bergen,80,Alpine Boro,57,45|75,0.002,60,42|75,0.002,59,59|75,0.002
B. K-8 / 0 - 400,Bergen,3350,Moonachie Boro,49,38|75,0.003,95,55|75,0.006,46,38|75,0.002
B. K-8 / 0 - 400,Bergen,4870,South Hackensack Twp,9,10|75,46E-5,161,67|75,0.009,18,11|75,0.001
B. K-8 / 0 - 400,Burlington,380,Beverly City,69,48|75,0.004,46,33|75,0.003,90,70|75,0.005
B. K-8 / 0 - 400,Burlington,3540,New Hanover Twp,84,59|75,0.004,39,25|75,0.002,69,66|75,0.004
B. K-8 / 0 - 400,Burlington,4460,Riverton,30,29|75,0.002,35,22|75,0.003,28,20|75,0.002
B. K-8 / 0 - 400,Burlington,5890,Woodland Twp,100,62|75,0.006,99,57|75,0.006,63,60|75,0.004
B. K-8 / 0 - 400,Camden,580,Brooklawn Boro,56,43|75,0.004,61,43|75,0.005,56,55|75,0.005
B. K-8 / 0 - 400,Camden,1720,Gibbsboro Boro,N.R.,N.R.,N.R.,N.R.,N.R.,N.R.,15,7|75,91E-5
B. K-8 / 0 - 400,Camden,2560,Lawnside Boro,40,35|75,0.003,52,37|75,0.003,22,17|75,0.002
B. K-8 / 0 - 400,Camden,5900,Woodlynne Boro,16,18|75,0.001,33,21|75,0.003,31,22|75,0.002
B. K-8 / 0 - 400,Cape May,170,Avalon Boro,3,1|75,59E-6,83,51|75,0.001,19,14|75,5E-4
B. K-8 / 0 - 400,Cape May,3680,North Wildwood City,10,12|75,42E-5,11,6|75,39E-5,16,8|75,61E-5
B. K-8 / 0 - 400,Cape May,5060,Stone Harbor Boro,491,73|75,0.017,285,72|75,0.011,38,29|75,0.001
B. K-8 / 0 - 400,Cape May,5800,Wildwood Crest Boro,104,64|75,0.005,115,62|75,0.005,68,65|75,0.003
B. K-8 / 0 - 400,Cape May,5840,Woodbine Boro,91,60|75,0.006,54,40|75,0.004,43,34|75,0.003
B. K-8 / 0 - 400,Cumberland,1020,Deerfield Twp,20,21|75,0.002,95,55|75,0.007,53,47|75,0.004
B. K-8 / 0 - 400,Cumberland,1120,Downe Twp,19,19|75,0.001,2,1|75,16E-5,21,16|75,0.001
B. K-8 / 0 - 400,Cumberland,1820,Greenwich Twp,24,22|75,0.001,11,6|75,58E-5,32,23|75,0.001
B. K-8 / 0 - 400,Cumberland,3050,Maurice River Twp,8,N.A.,63E-5,2,N.A.,16E-5,12,4|75,92E-5
B. K-8 / 0 - 400,Cumberland,5070,Stow Creek Twp,14,16|75,0.001,25,15|75,0.002,8,1|75,53E-5
B. K-8 / 0 - 400,Hudson,1200,East Newark Boro,73,52|75,0.007,38,24|75,0.004,54,52|75,0.005
B. K-8 / 0 - 400,Hunterdon,370,Bethlehem Twp,95,61|75,0.005,131,64|75,0.006,58,57|75,0.003
B. K-8 / 0 - 400,Hunterdon,430,Bloomsbury Boro,5,4|75,29E-5,91,54|75,0.005,64,61|75,0.004
B. K-8 / 0 - 400,Hunterdon,670,Califon Boro,5,4|75,24E-5,N.R.,N.R.,N.R.,32,23|75,0.001
B. K-8 / 0 - 400,Hunterdon,910,Clinton-Glen Gardner,27,25|75,0.002,27,17|75,0.002,26,19|75,0.002
B. K-8 / 0 - 400,Hunterdon,1040,Delaware Twp,10,N.A.,52E-5,39,25|75,0.002,52,45|75,0.002
B. K-8 / 0 - 400,Hunterdon,1160,East Amwell Twp,10,12|75,51E-5,32,20|75,0.002,16,8|75,78E-5
B. K-8 / 0 - 400,Hunterdon,1600,Franklin Twp,75,54|75,0.004,169,68|75,0.009,52,45|75,0.003
B. K-8 / 0 - 400,Hunterdon,1680,Frenchtown Boro,8,7|75,46E-5,39,25|75,0.002,12,4|75,55E-5
B. K-8 / 0 - 400,Hunterdon,1970,Hampton Boro,28,27|75,0.001,142,66|75,0.007,38,29|75,0.002
B. K-8 / 0 - 400,Hunterdon,2140,High Bridge Boro,267,72|75,0.015,85,53|75,0.005,49,41|75,0.003
B. K-8 / 0 - 400,Hunterdon,2450,Kingwood Twp,8,7|75,48E-5,18,11|75,0.001,53,47|75,0.003
B. K-8 / 0 - 400,Hunterdon,3180,Milford Boro,74,53|75,0.004,195,70|75,0.008,66,63|75,0.002
B. K-8 / 0 - 400,Monmouth,180,Avon Boro,19,19|75,0.001,46,33|75,0.003,45,37|75,0.002
B. K-8 / 0 - 400,Monmouth,500,Bradley Beach Boro,134,68|75,0.008,52,37|75,0.003,54,52|75,0.003
B. K-8 / 0 - 400,Monmouth,1000,Deal Boro,137,69|75,0.007,118,63|75,0.006,112,74|75,0.006
B. K-8 / 0 - 400,Monmouth,1490,Farmingdale Boro,64,46|75,0.004,102,59|75,0.006,54,52|75,0.004
B. K-8 / 0 - 400,Monmouth,3250,Monmouth Beach Boro,55,42|75,0.004,84,52|75,0.005,40,31|75,0.002
B. K-8 / 0 - 400,Monmouth,3500,Neptune City,6,6|75,51E-5,131,64|75,0.01,44,36|75,0.003
B. K-8 / 0 - 400,Monmouth,4690,Sea Girt Boro,56,43|75,0.003,252,71|75,0.011,141,75|75,0.005
B. K-8 / 0 - 400,Monmouth,4980,Spring Lake Boro,195,70|75,0.009,101,58|75,0.004,105,73|75,0.004
B. K-8 / 0 - 400,Monmouth,4990,Spring Lake Heights Boro,44,36|75,0.003,52,37|75,0.003,53,47|75,0.003
B. K-8 / 0 - 400,Morris,2010,Harding Township,80,56|75,0.004,113,61|75,0.006,96,71|75,0.004
B. K-8 / 0 - 400,Morris,3410,Mount Arlington Boro,102,63|75,0.006,48,36|75,0.003,43,34|75,0.002
B. K-8 / 0 - 400,Morris,3520,Netcong Boro,125,67|75,0.009,194,69|75,0.014,100,72|75,0.007
B. K-8 / 0 - 400,Morris,4440,Riverdale Boro,49,38|75,0.004,75,49|75,0.005,47,40|75,0.003
B. K-8 / 0 - 400,Ocean,210,Bay Head Boro,68,47|75,0.004,43,30|75,0.002,49,41|75,0.002
B. K-8 / 0 - 400,Ocean,2500,Lakehurst Boro,26,23|75,0.002,28,18|75,0.002,23,18|75,0.002
B. K-8 / 0 - 400,Ocean,2550,Lavallette Boro,195,70|75,0.01,25,15|75,0.001,57,56|75,0.003
B. K-8 / 0 - 400,Salem,60,Alloway Twp,26,23|75,0.002,47,35|75,0.004,41,32|75,0.003
B. K-8 / 0 - 400,Salem,1350,Elsinboro Twp,3,1|75,24E-5,3,3|75,26E-5,19,14|75,0.001
B. K-8 / 0 - 400,Salem,2800,Lower Alloways Creek,37,33|75,0.002,54,40|75,0.003,18,11|75,9E-4
B. K-8 / 0 - 400,Salem,2950,Mannington Twp,77,55|75,0.006,11,6|75,78E-5,46,38|75,0.003
B. K-8 / 0 - 400,Salem,3860,Oldmans Twp,36,32|75,0.003,66,48|75,0.005,35,28|75,0.002
B. K-8 / 0 - 400,Salem,4280,Quinton Twp,3,1|75,27E-5,13,9|75,0.001,9,3|75,63E-5
B. K-8 / 0 - 400,Salem,5320,Upper Pittsgrove Twp,13,15|75,0.001,8,5|75,55E-5,16,8|75,0.001
B. K-8 / 0 - 400,Sussex,1930,Hamburg Boro,28,27|75,0.001,7,4|75,34E-5,29,21|75,0.001
B. K-8 / 0 - 400,Sussex,2490,Lafayette Twp,34,31|75,0.002,43,30|75,0.003,13,6|75,76E-5
B. K-8 / 0 - 400,Sussex,3300,Montague Twp,650,74|75,0.03,104,60|75,0.006,8,1|75,43E-5
B. K-8 / 0 - 400,Sussex,3840,Ogdensburg Boro,48,37|75,0.003,22,13|75,0.001,32,23|75,0.002
B. K-8 / 0 - 400,Sussex,5030,Stanhope Boro,39,34|75,0.003,37,23|75,0.002,41,32|75,0.002
B. K-8 / 0 - 400,Union,1710,Garwood Boro,53,41|75,0.004,65,47|75,0.005,72,68|75,0.005
B. K-8 / 0 - 400,Union,5810,Winfield Twp,31,30|75,0.002,41,28|75,0.002,32,23|75,0.002
B. K-8 / 0 - 400,Warren,70,Alpha Boro,72,50|75,0.005,41,28|75,0.003,49,41|75,0.003
B. K-8 / 0 - 400,Warren,2040,Harmony Twp,9,10|75,56E-5,17,10|75,94E-5,33,27|75,0.002
B. K-8 / 0 - 400,Warren,2250,Hope Twp,70,49|75,0.004,447,73|75,0.024,65,62|75,0.004
B. K-8 / 0 - 400,Warren,3890,Oxford Twp,8,7|75,59E-5,19,12|75,0.001,18,11|75,0.001
B. K-8 / 0 - 400,Warren,4200,Pohatcong Twp,81,58|75,0.006,24,14|75,0.002,66,63|75,0.004
B. K-8 / 0 - 400,Warren,5780,White Twp,110,65|75,0.006,31,19|75,0.002,84,69|75,0.004
C. K-8 / 401 - 750,Statewide,N.A.,1. State average - Operating Type K-8,42,N.A.,0.003,42,N.A.,0.003,40,N.A.,0.002
C. K-8 / 401 - 750,Statewide,N.A.,2. State median - Operating Type K-8,41,N.A.,0.003,41,N.A.,0.003,44,N.A.,0.003
C. K-8 / 401 - 750,Statewide,N.A.,5. State average - All operating types,47,N.A.,0.003,47,N.A.,0.003,43,N.A.,0.003
C. K-8 / 401 - 750,Statewide,N.A.,6. State median - All operating types,39,N.A.,0.003,40,N.A.,0.003,41,N.A.,0.003
C. K-8 / 401 - 750,Atlantic,570,Brigantine City,30,20|66,0.002,19,9|67,87E-5,48,31|67,0.002
C. K-8 / 401 - 750,Atlantic,1300,Egg Harbor City,N.R.,N.R.,N.R.,2,2|67,11E-5,10,1|67,64E-5
C. K-8 / 401 - 750,Atlantic,3480,Mullica Twp,68,48|66,0.005,75,55|67,0.006,88,60|67,0.006
C. K-8 / 401 - 750,Atlantic,5350,Ventnor City,80,N.A.,0.005,52,41|67,0.003,57,45|67,0.003
C. K-8 / 401 - 750,Bergen,740,Carlstadt Boro,35,24|66,0.002,33,22|67,0.002,29,17|67,0.002
C. K-8 / 401 - 750,Bergen,1070,Demarest Boro,44,32|66,0.003,23,12|67,92E-5,52,40|67,0.003
C. K-8 / 401 - 750,Bergen,1380,Englewood Cliffs Boro,130,64|66,0.007,214,67|67,0.011,150,67|67,0.008
C. K-8 / 401 - 750,Bergen,2050,Harrington Park Boro,28,17|66,0.002,15,6|67,82E-5,27,14|67,0.001
C. K-8 / 401 - 750,Bergen,2090,Haworth Boro,74,50|66,0.004,164,65|67,0.009,82,59|67,0.004
C. K-8 / 401 - 750,Bergen,2200,Ho Ho Kus Boro,10,5|66,66E-5,31,20|67,0.002,24,9|67,0.002
C. K-8 / 401 - 750,Bergen,3730,Northvale Boro,22,11|66,0.001,22,10|67,0.001,51,36|67,0.003
C. K-8 / 401 - 750,Bergen,3740,Norwood Boro,113,63|66,0.008,98,60|67,0.007,71,55|67,0.006
C. K-8 / 401 - 750,Bergen,3850,Old Tappan Boro,49,35|66,0.003,43,34|67,0.003,100,64|67,0.005
C. K-8 / 401 - 750,Bergen,4470,Rochelle Park Twp,111,62|66,0.007,83,57|67,0.005,60,48|67,0.004
C. K-8 / 401 - 750,Bergen,5880,Woodcliff Lake Boro,61,N.A.,0.004,63,N.A.,0.004,63,50|67,0.003
C. K-8 / 401 - 750,Burlington,1030,Delanco Twp,15,N.A.,0.001,23,N.A.,0.002,39,21|67,0.002
C. K-8 / 401 - 750,Burlington,1250,Eastampton Twp,37,26|66,0.003,18,8|67,0.001,16,5|67,0.001
C. K-8 / 401 - 750,Burlington,1910,Hainesport Twp,86,55|66,0.007,52,41|67,0.004,67,53|67,0.005
C. K-8 / 401 - 750,Burlington,3070,Medford Lakes Boro,36,25|66,0.003,41,30|67,0.003,48,31|67,0.004
C. K-8 / 401 - 750,Burlington,4930,Southampton Twp,74,50|66,0.005,61,48|67,0.004,42,25|67,0.002
C. K-8 / 401 - 750,Burlington,5130,Tabernacle Twp,85,54|66,0.005,36,27|67,0.002,55,42|67,0.003
C. K-8 / 401 - 750,Camden,190,Barrington Boro,11,7|66,79E-5,14,5|67,97E-5,24,9|67,0.002
C. K-8 / 401 - 750,Camden,340,Berlin Twp,39,27|66,0.002,55,44|67,0.003,70,54|67,0.004
C. K-8 / 401 - 750,Camden,880,Clementon Boro,95,58|66,0.007,78,56|67,0.005,96,63|67,0.006
C. K-8 / 401 - 750,Camden,2890,Magnolia Boro,57,45|66,0.004,50,39|67,0.003,93,62|67,0.005
C. K-8 / 401 - 750,Camden,3110,Merchantville Boro,27,N.A.,0.002,27,N.A.,0.002,25,12|67,0.002
C. K-8 / 401 - 750,Camden,3420,Mount Ephraim Boro,51,39|66,0.004,58,47|67,0.004,73,56|67,0.005
C. K-8 / 401 - 750,Camden,4790,Somerdale Boro,56,43|66,0.004,41,30|67,0.003,41,22|67,0.003
C. K-8 / 401 - 750,Cape May,1080,Dennis Twp,89,56|66,0.005,122,64|67,0.006,102,65|67,0.005
C. K-8 / 401 - 750,Cumberland,950,Commercial Twp,28,17|66,0.002,118,62|67,0.009,55,42|67,0.004
C. K-8 / 401 - 750,Cumberland,1460,Fairfield Twp,137,65|66,0.013,28,17|67,0.002,19,6|67,0.002
C. K-8 / 401 - 750,Cumberland,2270,Hopewell Twp,39,27|66,0.003,32,21|67,0.003,52,40|67,0.004
C. K-8 / 401 - 750,Cumberland,2570,Lawrence Twp,28,17|66,0.003,51,40|67,0.004,35,20|67,0.003
C. K-8 / 401 - 750,Gloucester,1830,Greenwich Twp,30,20|66,0.002,11,4|67,6E-4,25,12|67,0.001
C. K-8 / 401 - 750,Hunterdon,20,Alexandria Twp,9,4|66,51E-5,1,1|67,28E-6,12,3|67,65E-5
C. K-8 / 401 - 750,Hunterdon,2220,Holland Twp,60,46|66,0.003,39,28|67,0.002,41,22|67,0.002
C. K-8 / 401 - 750,Hunterdon,2600,Lebanon Twp,43,29|66,0.003,26,15|67,0.001,27,14|67,0.001
C. K-8 / 401 - 750,Hunterdon,5180,Tewksbury Twp,45,33|66,0.002,40,29|67,0.002,44,29|67,0.002
C. K-8 / 401 - 750,Hunterdon,5270,Union Twp,34,22|66,0.002,48,37|67,0.003,51,36|67,0.003
C. K-8 / 401 - 750,Middlesex,970,Cranbury Twp,97,59|66,0.005,69,50|67,0.003,92,61|67,0.004
C. K-8 / 401 - 750,Middlesex,2370,Jamesburg Boro,77,52|66,0.007,46,35|67,0.004,58,46|67,0.005
C. K-8 / 401 - 750,Monmouth,270,Belmar Boro,22,11|66,0.002,23,12|67,0.002,33,18|67,0.002
C. K-8 / 401 - 750,Monmouth,560,Brielle Boro,49,35|66,0.004,34,25|67,0.002,55,42|67,0.004
C. K-8 / 401 - 750,Monmouth,3830,Oceanport Boro,51,39|66,0.003,41,30|67,0.003,41,22|67,0.002
C. K-8 / 401 - 750,Monmouth,4770,Shrewsbury Boro,94,57|66,0.007,206,66|67,0.013,113,66|67,0.007
C. K-8 / 401 - 750,Monmouth,5230,Union Beach,49,35|66,0.004,47,36|67,0.003,51,36|67,0.003
C. K-8 / 401 - 750,Monmouth,5640,West Long Branch Boro,24,15|66,0.002,74,53|67,0.004,73,56|67,0.004
C. K-8 / 401 - 750,Morris,460,Boonton Twp,16,10|66,95E-5,57,46|67,0.003,42,25|67,0.003
C. K-8 / 401 - 750,Morris,3090,Mendham Boro,34,22|66,0.002,70,51|67,0.004,48,31|67,0.003
C. K-8 / 401 - 750,Morris,3100,Mendham Twp,23,13|66,0.001,28,17|67,0.001,15,4|67,68E-5
C. K-8 / 401 - 750,Morris,3380,Morris Plains Boro,14,8|66,85E-5,48,37|67,0.003,51,36|67,0.003
C. K-8 / 401 - 750,Morris,4480,Rockaway Boro,10,5|66,74E-5,33,22|67,0.003,28,16|67,0.002
C. K-8 / 401 - 750,Morris,5770,Wharton Boro,16,N.A.,0.001,8,N.A.,53E-5,48,31|67,0.003
C. K-8 / 401 - 750,Passaic,420,Bloomingdale Boro,43,29|66,0.003,52,41|67,0.003,63,50|67,0.003
C. K-8 / 401 - 750,Passaic,3640,North Haledon Boro,107,60|66,0.009,113,61|67,0.009,66,52|67,0.005
C. K-8 / 401 - 750,Somerset,240,Bedminster Twp,47,34|66,0.003,94,59|67,0.005,75,58|67,0.004
C. K-8 / 401 - 750,Somerset,4850,South Bound Brook,56,43|66,0.004,33,22|67,0.002,44,29|67,0.003
C. K-8 / 401 - 750,Somerset,5540,Watchung Boro,50,38|66,0.003,35,26|67,0.002,43,28|67,0.003
C. K-8 / 401 - 750,Sussex,90,Andover Reg,54,42|66,0.003,74,53|67,0.004,24,9|67,0.001
C. K-8 / 401 - 750,Sussex,1560,Frankford Twp,6,2|66,31E-5,15,6|67,94E-5,19,6|67,0.001
C. K-8 / 401 - 750,Sussex,1570,Franklin Boro,24,15|66,0.001,42,33|67,0.003,11,2|67,56E-5
C. K-8 / 401 - 750,Sussex,1800,Green Twp,53,41|66,0.004,85,58|67,0.005,58,46|67,0.003
C. K-8 / 401 - 750,Sussex,2030,Hardyston Twp,71,49|66,0.005,71,52|67,0.005,42,25|67,0.003
C. K-8 / 401 - 750,Union,3470,Mountainside Boro,43,29|66,0.003,56,45|67,0.004,34,19|67,0.003
C. K-8 / 401 - 750,Warren,30,Allamuchy Twp,110,61|66,0.009,121,63|67,0.009,50,35|67,0.003
C. K-8 / 401 - 750,Warren,1785,Great Meadows Regional,65,47|66,0.004,22,10|67,0.001,62,49|67,0.004
C. K-8 / 401 - 750,Warren,1840,Greenwich Twp,1,N.A.,97E-6,30,19|67,0.002,20,8|67,0.002
D. K-8 / 751 +,Statewide,N.A.,1. State average - Operating Type K-8,42,N.A.,0.003,42,N.A.,0.003,40,N.A.,0.002
D. K-8 / 751 +,Statewide,N.A.,2. State median - Operating Type K-8,41,N.A.,0.003,41,N.A.,0.003,44,N.A.,0.003
D. K-8 / 751 +,Statewide,N.A.,5. State average - All operating types,47,N.A.,0.003,47,N.A.,0.003,43,N.A.,0.003
D. K-8 / 751 +,Statewide,N.A.,6. State median - All operating types,39,N.A.,0.003,40,N.A.,0.003,41,N.A.,0.003
D. K-8 / 751 +,Atlantic,10,Absecon City,17,13|77,0.002,15,13|76,0.001,18,8|76,0.001
D. K-8 / 751 +,Atlantic,1690,Galloway Twp,10,5|77,68E-5,8,3|76,52E-5,9,2|76,59E-5
D. K-8 / 751 +,Atlantic,1940,Hamilton Twp,28,29|77,0.002,14,10|76,0.001,23,15|76,0.002
D. K-8 / 751 +,Atlantic,2680,Linwood City,99,76|77,0.007,93,73|76,0.006,60,65|76,0.004
D. K-8 / 751 +,Atlantic,3720,Northfield City,123,77|77,0.009,97,74|76,0.007,76,72|76,0.005
D. K-8 / 751 +,Atlantic,4800,Somers Point City,27,28|77,0.002,28,36|76,0.002,28,26|76,0.002
D. K-8 / 751 +,Bergen,40,Allendale Boro,67,65|77,0.005,33,43|76,0.002,77,74|76,0.004
D. K-8 / 751 +,Bergen,930,Closter Boro,37,40|77,0.002,22,27|76,0.001,27,23|76,0.002
D. K-8 / 751 +,Bergen,1230,East Rutherford Boro,63,62|77,0.004,79,71|76,0.005,70,70|76,0.004
D. K-8 / 751 +,Bergen,1470,Fairview Boro,39,43|77,0.004,35,45|76,0.004,31,31|76,0.003
D. K-8 / 751 +,Bergen,1580,Franklin Lakes Boro,38,42|77,0.002,45,53|76,0.002,47,47|76,0.002
D. K-8 / 751 +,Bergen,2180,Hillsdale Boro,20,17|77,0.001,30,39|76,0.002,34,33|76,0.002
D. K-8 / 751 +,Bergen,2710,Little Ferry Boro,75,71|77,0.006,46,54|76,0.003,106,76|76,0.007
D. K-8 / 751 +,Bergen,3060,Maywood Boro,26,25|77,0.002,15,13|76,0.001,29,28|76,0.002
D. K-8 / 751 +,Bergen,3330,Montvale Boro,17,13|77,0.001,14,10|76,0.001,23,15|76,0.001
D. K-8 / 751 +,Bergen,3760,Oakland Boro,60,60|77,0.004,68,63|76,0.004,35,34|76,0.002
D. K-8 / 751 +,Bergen,4430,River Vale Twp,16,9|77,0.001,19,20|76,0.001,14,4|76,81E-5
D. K-8 / 751 +,Bergen,5330,Upper Saddle River Boro,19,15|77,0.001,27,33|76,0.002,41,42|76,0.002
D. K-8 / 751 +,Bergen,5920,Wyckoff Twp,34,35|77,0.002,53,60|76,0.003,50,53|76,0.003
D. K-8 / 751 +,Burlington,1280,Edgewater Park Twp,42,47|77,0.003,70,65|76,0.005,44,44|76,0.003
D. K-8 / 751 +,Burlington,1420,Evesham Twp,32,33|77,0.002,41,51|76,0.003,30,30|76,0.002
D. K-8 / 751 +,Burlington,2850,Lumberton Twp,25,24|77,0.002,38,49|76,0.003,58,62|76,0.003
D. K-8 / 751 +,Burlington,3080,Medford Twp,24,21|77,0.002,17,17|76,0.001,19,10|76,0.001
D. K-8 / 751 +,Burlington,3430,Mount Holly Twp,34,35|77,0.002,44,52|76,0.003,46,45|76,0.003
D. K-8 / 751 +,Burlington,3440,Mount Laurel Twp,6,2|77,4E-4,4,1|76,29E-5,18,8|76,0.001
D. K-8 / 751 +,Burlington,4740,Shamong Twp,53,53|77,0.004,48,55|76,0.003,25,20|76,0.002
D. K-8 / 751 +,Burlington,5720,Westampton,16,9|77,0.001,31,40|76,0.003,15,5|76,0.001
D. K-8 / 751 +,Camden,260,Bellmawr Boro,39,43|77,0.004,25,31|76,0.002,16,6|76,0.001
D. K-8 / 751 +,Camden,330,Berlin Boro,31,32|77,0.003,52,59|76,0.004,37,37|76,0.003
D. K-8 / 751 +,Camden,1780,Gloucester Twp,19,15|77,0.002,12,6|76,88E-5,20,11|76,0.001
D. K-8 / 751 +,Camden,4590,Runnemede Boro,7,3|77,54E-5,12,6|76,96E-5,35,34|76,0.003
D. K-8 / 751 +,Camden,5080,Stratford Boro,11,6|77,82E-5,16,16|76,0.001,11,3|76,8E-4
D. K-8 / 751 +,Camden,5400,Voorhees Twp,23,19|77,0.002,17,17|76,0.001,24,17|76,0.001
D. K-8 / 751 +,Cape May,5340,Upper Twp,58,57|77,0.004,13,9|76,87E-5,54,59|76,0.003
D. K-8 / 751 +,Cumberland,5300,Upper Deerfield Twp,2,1|77,12E-5,7,2|76,52E-5,6,1|76,37E-5
D. K-8 / 751 +,Gloucester,2750,Logan Twp,24,21|77,0.002,21,23|76,0.001,48,50|76,0.003
D. K-8 / 751 +,Hudson,1850,Guttenberg Town,57,55|77,0.005,50,56|76,0.005,50,53|76,0.004
D. K-8 / 751 +,Hunterdon,920,Clinton Twp,58,57|77,0.004,76,69|76,0.004,38,38|76,0.002
D. K-8 / 751 +,Hunterdon,1510,Flemington-Raritan Reg,73,68|77,0.005,51,57|76,0.003,70,70|76,0.004
D. K-8 / 751 +,Hunterdon,4350,Readington Twp,43,48|77,0.003,36,47|76,0.002,64,68|76,0.004
D. K-8 / 751 +,Middlesex,3220,Milltown Boro,23,N.A.,0.002,28,N.A.,0.002,42,43|76,0.003
D. K-8 / 751 +,Monmouth,945,Colts Neck Twp,91,74|77,0.004,69,64|76,0.003,61,66|76,0.003
D. K-8 / 751 +,Monmouth,1260,Eatontown Boro,74,69|77,0.005,77,70|76,0.005,58,62|76,0.003
D. K-8 / 751 +,Monmouth,1440,Fair Haven Boro,87,73|77,0.007,71,66|76,0.005,47,47|76,0.003
D. K-8 / 751 +,Monmouth,1640,Freehold Boro,34,35|77,0.003,20,22|76,0.002,26,21|76,0.002
D. K-8 / 751 +,Monmouth,1660,Freehold Twp,24,21|77,0.001,39,50|76,0.002,28,26|76,0.002
D. K-8 / 751 +,Monmouth,2290,Howell Twp,16,9|77,0.001,22,27|76,0.001,27,23|76,0.002
D. K-8 / 751 +,Monmouth,2720,Little Silver Boro,37,40|77,0.003,28,36|76,0.002,53,57|76,0.003
D. K-8 / 751 +,Monmouth,2920,Manalapan-Englishtown Reg,15,7|77,0.001,12,6|76,84E-5,20,11|76,0.001
D. K-8 / 751 +,Monmouth,3030,Marlboro Twp,33,34|77,0.002,51,57|76,0.003,40,40|76,0.003
D. K-8 / 751 +,Monmouth,3200,Millstone Twp,74,69|77,0.004,313,76|76,0.017,99,75|76,0.006
D. K-8 / 751 +,Monmouth,4360,Red Bank Boro,45,49|77,0.003,27,33|76,0.002,46,45|76,0.003
D. K-8 / 751 +,Monmouth,4570,Rumson Boro,58,57|77,0.004,21,23|76,0.001,27,23|76,0.002
D. K-8 / 751 +,Monmouth,5185,Tinton Falls,47,51|77,0.003,34,44|76,0.002,52,56|76,0.003
D. K-8 / 751 +,Morris,820,Chester Twp,23,19|77,0.001,23,30|76,0.001,33,32|76,0.002
D. K-8 / 751 +,Morris,1090,Denville Twp,40,45|77,0.003,21,23|76,0.001,53,57|76,0.003
D. K-8 / 751 +,Morris,1190,East Hanover Twp,30,31|77,0.002,21,23|76,0.001,35,34|76,0.002
D. K-8 / 751 +,Morris,1530,Florham Park Boro,68,66|77,0.004,74,68|76,0.004,40,40|76,0.002
D. K-8 / 751 +,Morris,2000,Hanover Twp,20,17|77,0.001,19,20|76,0.001,21,14|76,0.001
D. K-8 / 751 +,Morris,2650,Lincoln Park Boro,7,3|77,52E-5,11,5|76,81E-5,17,7|76,0.001
D. K-8 / 751 +,Morris,4000,Long Hill Twp,68,66|77,0.004,67,62|76,0.004,47,47|76,0.003
D. K-8 / 751 +,Morris,4490,Rockaway Twp,95,75|77,0.005,98,75|76,0.006,64,68|76,0.003
D. K-8 / 751 +,Morris,5520,Washington Twp,34,35|77,0.002,14,10|76,79E-5,24,17|76,0.001
D. K-8 / 751 +,Passaic,1920,Haledon Boro,26,25|77,0.002,27,33|76,0.002,24,17|76,0.002
D. K-8 / 751 +,Passaic,2700,Little Falls Twp,26,25|77,0.002,15,13|76,0.001,54,59|76,0.003
D. K-8 / 751 +,Passaic,4270,Prospect Park Boro,29,30|77,0.003,64,61|76,0.006,54,59|76,0.005
D. K-8 / 751 +,Passaic,4400,Ringwood Boro,66,64|77,0.004,36,47|76,0.002,26,21|76,0.001
D. K-8 / 751 +,Passaic,5200,Totowa Boro,65,63|77,0.005,35,45|76,0.003,76,72|76,0.005
D. K-8 / 751 +,Passaic,5440,Wanaque Boro,57,55|77,0.004,89,72|76,0.006,51,55|76,0.003
D. K-8 / 751 +,Passaic,5690,Woodland Park,46,50|77,0.003,32,42|76,0.002,59,64|76,0.004
D. K-8 / 751 +,Somerset,510,Branchburg Twp,35,39|77,0.002,22,27|76,0.001,39,39|76,0.002
D. K-8 / 751 +,Somerset,1810,Green Brook Twp,86,72|77,0.006,72,67|76,0.005,20,11|76,0.001
D. K-8 / 751 +,Somerset,5470,Warren Twp,15,7|77,78E-5,25,31|76,0.001,29,28|76,0.001
D. K-8 / 751 +,Sussex,640,Byram Twp,41,46|77,0.003,18,19|76,0.001,48,50|76,0.003
D. K-8 / 751 +,Sussex,5100,Sussex-Wantage Regional,47,51|77,0.003,31,40|76,0.002,48,50|76,0.002
D. K-8 / 751 +,Warren,2790,Lopatcong Twp,54,54|77,0.005,8,3|76,75E-5,62,67|76,0.005
E. K-12 / 0 - 1800,Statewide,N.A.,1. State average - Operating Type K-12,46,N.A.,0.003,46,N.A.,0.003,42,N.A.,0.003
E. K-12 / 0 - 1800,Statewide,N.A.,2. State median - Operating Type K-12,34,N.A.,0.002,36,N.A.,0.002,35,N.A.,0.002
E. K-12 / 0 - 1800,Statewide,N.A.,5. State average - All operating types,47,N.A.,0.003,47,N.A.,0.003,43,N.A.,0.003
E. K-12 / 0 - 1800,Statewide,N.A.,6. State median - All operating types,39,N.A.,0.003,40,N.A.,0.003,41,N.A.,0.003
E. K-12 / 0 - 1800,Atlantic,590,Buena Regional,13,N.A.,82E-5,20,N.A.,0.001,28,17|50,0.002
E. K-12 / 0 - 1800,Bergen,440,Bogota Boro,89,45|49,0.007,93,47|50,0.006,108,50|50,0.007
E. K-12 / 0 - 1800,Bergen,1360,Emerson Boro,16,9|49,0.001,13,5|50,85E-5,24,11|50,0.001
E. K-12 / 0 - 1800,Bergen,2080,Hasbrouck Heights Boro,43,N.A.,0.003,28,N.A.,0.002,41,31|50,0.003
E. K-12 / 0 - 1800,Bergen,3170,Midland Park Boro,72,38|49,0.004,41,25|50,0.002,37,28|50,0.002
E. K-12 / 0 - 1800,Bergen,3600,North Arlington Boro,84,42|49,0.007,46,29|50,0.004,76,46|50,0.006
E. K-12 / 0 - 1800,Bergen,3910,Palisades Park,76,40|49,0.006,64,43|50,0.005,55,41|50,0.004
E. K-12 / 0 - 1800,Bergen,3940,Park Ridge Boro,51,29|49,0.003,49,32|50,0.002,61,43|50,0.003
E. K-12 / 0 - 1800,Bergen,4370,Ridgefield Boro,74,39|49,0.004,48,31|50,0.002,53,40|50,0.003
E. K-12 / 0 - 1800,Bergen,4610,Saddle Brook Twp,38,24|49,0.003,41,25|50,0.003,33,23|50,0.002
E. K-12 / 0 - 1800,Bergen,5410,Waldwick Boro,25,16|49,0.002,33,20|50,0.002,44,34|50,0.003
E. K-12 / 0 - 1800,Bergen,5430,Wallington Boro,1,1|49,6E-5,1,1|50,12E-5,1,1|50,65E-6
E. K-12 / 0 - 1800,Bergen,5830,Wood-Ridge Boro,37,23|49,0.003,32,19|50,0.003,36,27|50,0.003
E. K-12 / 0 - 1800,Burlington,600,Burlington City,42,26|49,0.002,59,39|50,0.003,74,45|50,0.004
E. K-12 / 0 - 1800,Burlington,1520,Florence Twp,29,19|49,0.002,22,12|50,0.002,29,18|50,0.002
E. K-12 / 0 - 1800,Burlington,3920,Palmyra Boro,20,10|49,0.001,35,24|50,0.002,31,21|50,0.002
E. K-12 / 0 - 1800,Burlington,4450,Riverside Twp,7,4|49,53E-5,34,22|50,0.003,17,6|50,0.001
E. K-12 / 0 - 1800,Camden,150,Audubon Boro,20,10|49,0.002,27,16|50,0.002,20,10|50,0.001
E. K-12 / 0 - 1800,Camden,1880,Haddon Heights Boro,50,28|49,0.004,26,15|50,0.002,44,34|50,0.003
E. K-12 / 0 - 1800,Camden,3770,Oaklyn Boro,115,47|49,0.009,46,29|50,0.003,77,47|50,0.005
E. K-12 / 0 - 1800,Cape May,5790,Wildwood City,52,31|49,0.003,78,45|50,0.004,25,13|50,0.001
E. K-12 / 0 - 1800,Essex,760,Cedar Grove Twp,87,44|49,0.006,105,48|50,0.007,91,49|50,0.006
E. K-12 / 0 - 1800,Gloucester,860,Clayton Boro,10,5|49,84E-5,12,4|50,0.001,17,6|50,0.001
E. K-12 / 0 - 1800,Gloucester,4020,Paulsboro Boro,14,7|49,92E-5,25,13|50,0.002,27,14|50,0.002
E. K-12 / 0 - 1800,Gloucester,4140,Pitman Boro,34,21|49,0.002,13,5|50,8E-4,19,9|50,0.001
E. K-12 / 0 - 1800,Gloucester,5860,Woodbury City,6,3|49,39E-5,5,2|50,32E-5,15,4|50,0.001
E. K-12 / 0 - 1800,Hudson,5580,Weehawken Twp,54,34|49,0.004,61,41|50,0.004,50,37|50,0.003
E. K-12 / 0 - 1800,Hunterdon,1376,South Hunterdon,114,46|49,0.007,49,32|50,0.003,85,48|50,0.004
E. K-12 / 0 - 1800,Middlesex,1140,Dunellen Boro,26,17|49,0.002,20,9|50,0.002,24,11|50,0.002
E. K-12 / 0 - 1800,Middlesex,2150,Highland Park Boro,84,42|49,0.006,67,44|50,0.004,55,41|50,0.003
E. K-12 / 0 - 1800,Middlesex,4830,South Amboy City,20,10|49,0.002,59,39|50,0.005,30,19|50,0.002
E. K-12 / 0 - 1800,Middlesex,4970,Spotswood Boro,11,6|49,87E-5,21,11|50,0.002,17,6|50,0.001
E. K-12 / 0 - 1800,Monmouth,2400,Keansburg Boro,22,14|49,0.001,28,17|50,0.001,32,22|50,0.001
E. K-12 / 0 - 1800,Monmouth,2430,Keyport Boro,69,37|49,0.005,51,36|50,0.003,43,32|50,0.003
E. K-12 / 0 - 1800,Monmouth,2930,Manasquan Boro,51,29|49,0.004,89,46|50,0.006,69,44|50,0.004
E. K-12 / 0 - 1800,Morris,450,Boonton Town,20,10|49,0.001,44,28|50,0.003,33,23|50,0.002
E. K-12 / 0 - 1800,Morris,630,Butler Boro,32,20|49,0.002,50,35|50,0.003,39,30|50,0.002
E. K-12 / 0 - 1800,Morris,3460,Mountain Lakes Boro,53,32|49,0.003,55,38|50,0.003,35,26|50,0.002
E. K-12 / 0 - 1800,Ocean,4190,Plumsted Twp,120,48|49,0.008,34,22|50,0.002,30,19|50,0.002
E. K-12 / 0 - 1800,Ocean,4220,Point Pleasant Beach Boro,22,14|49,0.001,14,7|50,81E-5,3,2|50,17E-5
E. K-12 / 0 - 1800,Passaic,4230,Pompton Lakes Boro,5,2|49,32E-5,7,3|50,43E-5,15,4|50,85E-5
E. K-12 / 0 - 1800,Salem,4075,Pennsville,39,25|49,0.003,25,13|50,0.002,27,14|50,0.002
E. K-12 / 0 - 1800,Salem,4150,Pittsgrove Twp,64,35|49,0.005,51,36|50,0.004,51,38|50,0.004
E. K-12 / 0 - 1800,Salem,4630,Salem City,82,41|49,0.005,106,49|50,0.006,38,29|50,0.002
E. K-12 / 0 - 1800,Salem,5910,Woodstown-Pilesgrove Reg,26,17|49,0.002,33,20|50,0.003,12,3|50,81E-5
E. K-12 / 0 - 1800,Somerset,3000,Manville Boro,15,8|49,0.001,17,8|50,0.001,51,38|50,0.004
E. K-12 / 0 - 1800,Sussex,2240,Hopatcong,163,49|49,0.008,177,50|50,0.009,33,23|50,0.002
E. K-12 / 0 - 1800,Sussex,3590,Newton Town,36,22|49,0.002,49,32|50,0.003,27,14|50,0.002
E. K-12 / 0 - 1800,Union,2420,Kenilworth Boro,53,32|49,0.004,41,25|50,0.003,46,36|50,0.003
E. K-12 / 0 - 1800,Warren,280,Belvidere Town,44,27|49,0.003,62,42|50,0.004,43,32|50,0.003
F. K-12 / 1801 - 3500,Statewide,N.A.,1. State average - Operating Type K-12,46,N.A.,0.003,46,N.A.,0.003,42,N.A.,0.003
F. K-12 / 1801 - 3500,Statewide,N.A.,2. State median - Operating Type K-12,34,N.A.,0.002,36,N.A.,0.002,35,N.A.,0.002
F. K-12 / 1801 - 3500,Statewide,N.A.,5. State average - All operating types,47,N.A.,0.003,47,N.A.,0.003,43,N.A.,0.003
F. K-12 / 1801 - 3500,Statewide,N.A.,6. State median - All operating types,39,N.A.,0.003,40,N.A.,0.003,41,N.A.,0.003
F. K-12 / 1801 - 3500,Atlantic,1960,Hammonton Town,34,N.A.,0.003,39,N.A.,0.003,40,40|73,0.004
F. K-12 / 1801 - 3500,Bergen,890,Cliffside Park Boro,28,24|71,0.002,28,18|73,0.002,34,28|73,0.003
F. K-12 / 1801 - 3500,Bergen,990,Cresskill Boro,19,N.A.,0.001,33,25|73,0.002,32,24|73,0.002
F. K-12 / 1801 - 3500,Bergen,1130,Dumont Boro,46,55|71,0.003,62,59|73,0.004,21,10|73,0.001
F. K-12 / 1801 - 3500,Bergen,1345,Elmwood Park,66,64|71,0.006,50,49|73,0.005,53,58|73,0.005
F. K-12 / 1801 - 3500,Bergen,1370,Englewood City,76,66|71,0.004,122,72|73,0.007,62,67|73,0.003
F. K-12 / 1801 - 3500,Bergen,1760,Glen Rock Boro,33,35|71,0.002,32,22|73,0.002,30,22|73,0.002
F. K-12 / 1801 - 3500,Bergen,2620,Leonia Boro,27,23|71,0.002,31,20|73,0.002,29,21|73,0.002
F. K-12 / 1801 - 3500,Bergen,2740,Lodi Borough,43,51|71,0.004,54,54|73,0.004,34,28|73,0.003
F. K-12 / 1801 - 3500,Bergen,2860,Lyndhurst Twp,33,35|71,0.002,95,70|73,0.007,56,63|73,0.004
F. K-12 / 1801 - 3500,Bergen,2900,Mahwah Twp,15,10|71,9E-4,34,27|73,0.002,32,24|73,0.002
F. K-12 / 1801 - 3500,Bergen,3550,New Milford Boro,11,5|71,77E-5,28,18|73,0.002,35,31|73,0.002
F. K-12 / 1801 - 3500,Bergen,4310,Ramsey Boro,19,13|71,0.001,25,17|73,0.001,37,36|73,0.002
F. K-12 / 1801 - 3500,Bergen,4380,Ridgefield Park Twp,32,31|71,0.002,81,65|73,0.006,51,57|73,0.004
F. K-12 / 1801 - 3500,Bergen,4600,Rutherford Boro,14,9|71,0.001,18,8|73,0.001,16,5|73,0.001
F. K-12 / 1801 - 3500,Bergen,5755,Westwood Regional,28,24|71,0.002,38,31|73,0.002,54,61|73,0.003
F. K-12 / 1801 - 3500,Burlington,475,Bordentown Regional,9,3|71,68E-5,13,2|73,0.001,18,9|73,0.001
F. K-12 / 1801 - 3500,Burlington,840,Cinnaminson Twp,32,31|71,0.002,16,7|73,0.001,26,16|73,0.002
F. K-12 / 1801 - 3500,Burlington,1060,Delran Twp,34,40|71,0.003,24,15|73,0.002,23,11|73,0.002
F. K-12 / 1801 - 3500,Burlington,3010,Maple Shade Twp,22,16|71,0.002,8,1|73,56E-5,27,17|73,0.002
F. K-12 / 1801 - 3500,Burlington,5805,Willingboro Twp,122,N.A.,0.008,108,N.A.,0.007,96,73|73,0.006
F. K-12 / 1801 - 3500,Camden,940,Collingswood Boro,23,17|71,0.002,36,29|73,0.002,25,15|73,0.002
F. K-12 / 1801 - 3500,Camden,1770,Gloucester City,49,58|71,0.003,45,45|73,0.003,47,50|73,0.003
F. K-12 / 1801 - 3500,Camden,1890,Haddon Twp,16,11|71,0.001,13,2|73,89E-5,17,7|73,0.001
F. K-12 / 1801 - 3500,Camden,1900,Haddonfield Boro,45,53|71,0.004,57,56|73,0.005,56,63|73,0.004
F. K-12 / 1801 - 3500,Camden,2670,Lindenwold Boro,11,5|71,94E-5,18,8|73,0.001,17,7|73,0.001
F. K-12 / 1801 - 3500,Camden,4110,Pine Hill Boro,63,63|71,0.004,51,52|73,0.003,59,65|73,0.004
F. K-12 / 1801 - 3500,Cape May,3130,Middle Twp,35,43|71,0.003,38,31|73,0.003,39,38|73,0.003
F. K-12 / 1801 - 3500,Cape May,3780,Ocean City,52,60|71,0.003,43,43|73,0.003,69,69|73,0.004
F. K-12 / 1801 - 3500,Essex,660,Caldwell-West Caldwell,21,15|71,0.002,20,12|73,0.001,15,4|73,0.001
F. K-12 / 1801 - 3500,Essex,1750,Glen Ridge Boro,47,56|71,0.003,72,64|73,0.005,35,31|73,0.002
F. K-12 / 1801 - 3500,Essex,5370,Verona Boro,42,50|71,0.003,65,62|73,0.005,41,46|73,0.003
F. K-12 / 1801 - 3500,Gloucester,1730,Glassboro,51,59|71,0.004,62,59|73,0.004,53,58|73,0.004
F. K-12 / 1801 - 3500,Gloucester,5620,West Deptford Twp,11,5|71,82E-5,19,10|73,0.001,12,2|73,88E-5
F. K-12 / 1801 - 3500,Hudson,2060,Harrison Town,39,49|71,0.002,38,31|73,0.002,34,28|73,0.002
F. K-12 / 1801 - 3500,Hudson,2210,Hoboken City,65,N.A.,0.003,34,N.A.,0.001,81,72|73,0.003
F. K-12 / 1801 - 3500,Hudson,4730,Secaucus Town,31,29|71,0.002,46,47|73,0.003,48,52|73,0.003
F. K-12 / 1801 - 3500,Mercer,5510,Robbinsville Twp,25,19|71,0.002,33,25|73,0.003,24,13|73,0.002
F. K-12 / 1801 - 3500,Middlesex,3120,Metuchen Boro,37,46|71,0.003,50,49|73,0.004,40,40|73,0.003
F. K-12 / 1801 - 3500,Middlesex,3140,Middlesex Boro,32,31|71,0.002,67,63|73,0.004,48,52|73,0.003
F. K-12 / 1801 - 3500,Middlesex,4910,South Plainfield Boro,33,N.A.,0.002,36,29|73,0.002,36,33|73,0.002
F. K-12 / 1801 - 3500,Middlesex,4920,South River Boro,29,28|71,0.003,38,31|73,0.003,24,13|73,0.002
F. K-12 / 1801 - 3500,Monmouth,100,Asbury Park City,48,57|71,0.002,47,48|73,0.002,43,47|73,0.002
F. K-12 / 1801 - 3500,Monmouth,2105,Hazlet Twp,28,24|71,0.002,19,10|73,0.001,28,18|73,0.002
F. K-12 / 1801 - 3500,Monmouth,2230,Holmdel Twp,36,45|71,0.002,32,22|73,0.002,40,40|73,0.002
F. K-12 / 1801 - 3500,Monmouth,3810,Ocean Twp,45,N.A.,0.003,41,N.A.,0.002,47,50|73,0.003
F. K-12 / 1801 - 3500,Monmouth,5310,Upper Freehold Regional,18,12|71,0.001,62,59|73,0.004,28,18|73,0.002
F. K-12 / 1801 - 3500,Monmouth,5420,Wall Twp,28,N.A.,0.002,31,20|73,0.002,36,33|73,0.002
F. K-12 / 1801 - 3500,Morris,1110,Dover Town,8,2|71,8E-4,14,4|73,0.001,16,5|73,0.001
F. K-12 / 1801 - 3500,Morris,2380,Jefferson Twp,33,35|71,0.002,57,56|73,0.004,43,47|73,0.003
F. K-12 / 1801 - 3500,Morris,2460,Kinnelon Boro,32,31|71,0.002,55,55|73,0.003,31,23|73,0.002
F. K-12 / 1801 - 3500,Morris,2870,Madison Boro,33,35|71,0.002,44,44|73,0.003,50,56|73,0.003
F. K-12 / 1801 - 3500,Morris,4080,Pequannock Twp,45,53|71,0.003,40,39|73,0.003,64,68|73,0.004
F. K-12 / 1801 - 3500,Ocean,185,Barnegat Twp,24,18|71,0.002,21,13|73,0.001,40,40|73,0.003
F. K-12 / 1801 - 3500,Ocean,2940,Manchester Twp,9,3|71,59E-5,14,4|73,91E-5,12,2|73,75E-5
F. K-12 / 1801 - 3500,Ocean,4210,Point Pleasant Boro,26,20|71,0.002,38,31|73,0.003,40,40|73,0.003
F. K-12 / 1801 - 3500,Passaic,2100,Hawthorne Boro,35,43|71,0.002,22,14|73,0.002,23,11|73,0.002
F. K-12 / 1801 - 3500,Passaic,5650,West Milford Twp,37,46|71,0.002,40,39|73,0.002,37,36|73,0.002
F. K-12 / 1801 - 3500,Salem,4070,Penns Grv-Carney's Pt Reg,31,29|71,0.002,40,39|73,0.003,39,38|73,0.003
F. K-12 / 1801 - 3500,Somerset,490,Bound Brook Boro,54,61|71,0.005,85,67|73,0.007,60,66|73,0.005
F. K-12 / 1801 - 3500,Somerset,3670,North Plainfield Boro,34,40|71,0.002,32,22|73,0.002,28,18|73,0.002
F. K-12 / 1801 - 3500,Somerset,4815,Somerset Hills Regional,78,67|71,0.005,87,68|73,0.005,48,52|73,0.003
F. K-12 / 1801 - 3500,Somerset,4820,Somerville Boro,26,20|71,0.002,45,45|73,0.003,36,33|73,0.002
F. K-12 / 1801 - 3500,Sussex,4960,Sparta Twp,68,65|71,0.004,39,37|73,0.003,55,62|73,0.003
F. K-12 / 1801 - 3500,Sussex,5360,Vernon Twp,4,1|71,22E-5,14,4|73,77E-5,7,1|73,34E-5
F. K-12 / 1801 - 3500,Union,310,Berkeley Heights Twp,26,20|71,0.002,24,15|73,0.001,32,24|73,0.002
F. K-12 / 1801 - 3500,Union,850,Clark Twp,38,48|71,0.003,50,49|73,0.004,40,40|73,0.003
F. K-12 / 1801 - 3500,Union,2190,Hillside Twp,34,40|71,0.002,38,31|73,0.003,33,27|73,0.002
F. K-12 / 1801 - 3500,Union,3560,New Providence Boro,78,67|71,0.006,90,69|73,0.007,53,58|73,0.004
F. K-12 / 1801 - 3500,Union,4540,Roselle Boro,105,70|71,0.006,148,73|73,0.009,72,70|73,0.004
F. K-12 / 1801 - 3500,Union,4550,Roselle Park Boro,91,69|71,0.006,81,65|73,0.006,74,71|73,0.005
F. K-12 / 1801 - 3500,Union,5000,Springfield Twp,143,71|71,0.01,61,58|73,0.004,45,49|73,0.003
F. K-12 / 1801 - 3500,Warren,1870,Hackettstown,56,62|71,0.004,53,53|73,0.004,48,52|73,0.003
G. K-12 / 3501 +,Statewide,N.A.,1. State average - Operating Type K-12,46,N.A.,0.003,46,N.A.,0.003,42,N.A.,0.003
G. K-12 / 3501 +,Statewide,N.A.,2. State median - Operating Type K-12,34,N.A.,0.002,36,N.A.,0.002,35,N.A.,0.002
G. K-12 / 3501 +,Statewide,N.A.,5. State average - All operating types,47,N.A.,0.003,47,N.A.,0.003,43,N.A.,0.003
G. K-12 / 3501 +,Statewide,N.A.,6. State median - All operating types,39,N.A.,0.003,40,N.A.,0.003,41,N.A.,0.003
G. K-12 / 3501 +,Atlantic,110,Atlantic City,65,88|101,0.004,108,90|98,0.006,96,94|98,0.005
G. K-12 / 3501 +,Atlantic,1310,Egg Harbor Twp,39,59|101,0.003,34,49|98,0.002,34,48|98,0.002
G. K-12 / 3501 +,Atlantic,4180,Pleasantville City,260,101|101,0.014,238,98|98,0.013,115,96|98,0.006
G. K-12 / 3501 +,Bergen,300,Bergenfield Boro,13,3|101,88E-5,15,7|98,0.001,14,2|98,83E-5
G. K-12 / 3501 +,Bergen,1450,Fair Lawn Boro,26,27|101,0.002,32,43|98,0.002,30,36|98,0.002
G. K-12 / 3501 +,Bergen,1550,Fort Lee Boro,30,41|101,0.002,29,37|98,0.002,32,41|98,0.002
G. K-12 / 3501 +,Bergen,1700,Garfield City,28,34|101,0.002,27,31|98,0.002,33,44|98,0.002
G. K-12 / 3501 +,Bergen,1860,Hackensack City,31,43|101,0.002,28,34|98,0.002,36,55|98,0.002
G. K-12 / 3501 +,Bergen,3930,Paramus Boro,10,1|101,57E-5,20,14|98,0.001,17,5|98,86E-5
G. K-12 / 3501 +,Bergen,4390,Ridgewood Village,21,15|101,0.001,22,17|98,0.001,20,8|98,0.001
G. K-12 / 3501 +,Bergen,5150,Teaneck Twp,68,91|101,0.003,69,87|98,0.003,77,89|98,0.004
G. K-12 / 3501 +,Bergen,5160,Tenafly Boro,29,38|101,0.002,26,29|98,0.002,38,60|98,0.002
G. K-12 / 3501 +,Burlington,620,Burlington Twp,42,65|101,0.003,38,58|98,0.003,42,66|98,0.003
G. K-12 / 3501 +,Burlington,3360,Moorestown Twp,72,92|101,0.005,50,75|98,0.003,65,87|98,0.004
G. K-12 / 3501 +,Burlington,4050,Pemberton Twp,25,21|101,0.001,16,9|98,83E-5,26,29|98,0.001
G. K-12 / 3501 +,Camden,680,Camden City,112,95|101,0.005,161,96|98,0.007,163,98|98,0.008
G. K-12 / 3501 +,Camden,800,Cherry Hill Twp,30,41|101,0.002,19,12|98,0.001,23,18|98,0.001
G. K-12 / 3501 +,Camden,4060,Pennsauken Twp,20,11|101,0.001,35,52|98,0.002,25,24|98,0.001
G. K-12 / 3501 +,Camden,5820,Winslow Twp,25,21|101,0.002,29,37|98,0.002,41,64|98,0.002
G. K-12 / 3501 +,Cumberland,540,Bridgeton City,22,17|101,0.002,33,46|98,0.002,22,15|98,0.001
G. K-12 / 3501 +,Cumberland,3230,Millville City,11,2|101,72E-5,12,3|98,78E-5,11,1|98,71E-5
G. K-12 / 3501 +,Cumberland,5390,Vineland City,13,3|101,84E-5,13,4|98,87E-5,16,4|98,97E-5
G. K-12 / 3501 +,Essex,250,Belleville Town,175,98|101,0.015,172,97|98,0.014,133,97|98,0.01
G. K-12 / 3501 +,Essex,410,Bloomfield Twp,26,27|101,0.002,35,52|98,0.003,42,66|98,0.003
G. K-12 / 3501 +,Essex,1210,East Orange,53,83|101,0.003,84,89|98,0.004,48,75|98,0.002
G. K-12 / 3501 +,Essex,2330,Irvington Township,59,86|101,0.004,67,86|98,0.004,58,84|98,0.004
G. K-12 / 3501 +,Essex,2730,Livingston Twp,31,43|101,0.002,38,58|98,0.002,31,39|98,0.002
G. K-12 / 3501 +,Essex,3190,Millburn Twp,65,88|101,0.004,43,68|98,0.003,70,88|98,0.004
G. K-12 / 3501 +,Essex,3310,Montclair Town,52,81|101,0.003,59,84|98,0.004,59,85|98,0.004
G. K-12 / 3501 +,Essex,3570,Newark City,98,94|101,0.006,117,91|98,0.007,86,91|98,0.005
G. K-12 / 3501 +,Essex,3750,Nutley Town,67,90|101,0.005,32,43|98,0.002,42,66|98,0.003
G. K-12 / 3501 +,Essex,3880,City Of Orange Twp,47,73|101,0.003,50,75|98,0.003,32,41|98,0.002
G. K-12 / 3501 +,Essex,4900,South Orange-Maplewood,40,62|101,0.003,61,85|98,0.004,30,36|98,0.002
G. K-12 / 3501 +,Essex,5680,West Orange Town,43,67|101,0.002,44,69|98,0.002,27,32|98,0.001
G. K-12 / 3501 +,Gloucester,1100,Deptford Twp,46,71|101,0.003,44,69|98,0.003,40,62|98,0.003
G. K-12 / 3501 +,Gloucester,3280,Monroe Twp,52,81|101,0.005,38,58|98,0.003,38,60|98,0.003
G. K-12 / 3501 +,Gloucester,5500,Washington Twp,48,74|101,0.003,48,74|98,0.003,35,52|98,0.002
G. K-12 / 3501 +,Hudson,220,Bayonne City,39,59|101,0.003,47,71|98,0.004,36,55|98,0.003
G. K-12 / 3501 +,Hudson,2390,Jersey City,61,87|101,0.004,51,78|98,0.003,59,85|98,0.003
G. K-12 / 3501 +,Hudson,2410,Kearny Town,48,74|101,0.004,11,1|98,83E-5,27,32|98,0.002
G. K-12 / 3501 +,Hudson,3610,North Bergen Twp,85,93|101,0.007,79,88|98,0.006,56,82|98,0.004
G. K-12 / 3501 +,Hudson,5240,Union City,48,74|101,0.003,55,83|98,0.004,49,76|98,0.003
G. K-12 / 3501 +,Hudson,5670,West New York Town,27,31|101,0.002,20,14|98,0.002,21,11|98,0.002
G. K-12 / 3501 +,Mercer,1245,East Windsor Regional,22,17|101,0.002,13,4|98,92E-5,22,15|98,0.002
G. K-12 / 3501 +,Mercer,1430,Ewing Twp,24,20|101,0.002,27,31|98,0.002,34,48|98,0.002
G. K-12 / 3501 +,Mercer,1950,Hamilton Twp,19,7|101,0.001,19,12|98,0.001,20,8|98,0.001
G. K-12 / 3501 +,Mercer,2280,Hopewell Valley Regional,31,43|101,0.002,23,20|98,0.001,43,70|98,0.002
G. K-12 / 3501 +,Mercer,2580,Lawrence Twp,28,34|101,0.002,39,62|98,0.002,26,29|98,0.002
G. K-12 / 3501 +,Mercer,4255,Princeton,27,31|101,0.001,50,75|98,0.003,35,52|98,0.002
G. K-12 / 3501 +,Mercer,5210,Trenton City,57,85|101,0.003,47,71|98,0.003,56,82|98,0.003
G. K-12 / 3501 +,Mercer,5715,W Windsor-Plainsboro Reg,25,21|101,0.002,29,37|98,0.002,31,39|98,0.002
G. K-12 / 3501 +,Middlesex,750,Carteret Boro,19,7|101,0.002,29,37|98,0.002,34,48|98,0.003
G. K-12 / 3501 +,Middlesex,1170,East Brunswick Twp,27,31|101,0.002,26,29|98,0.002,33,44|98,0.002
G. K-12 / 3501 +,Middlesex,1290,Edison Twp,25,21|101,0.002,23,20|98,0.002,23,18|98,0.002
G. K-12 / 3501 +,Middlesex,3290,Monroe Twp,41,63|101,0.003,41,64|98,0.003,40,62|98,0.003
G. K-12 / 3501 +,Middlesex,3530,New Brunswick City,33,51|101,0.002,23,20|98,0.001,24,21|98,0.001
G. K-12 / 3501 +,Middlesex,3620,North Brunswick Twp,31,43|101,0.002,28,34|98,0.002,25,24|98,0.002
G. K-12 / 3501 +,Middlesex,3845,Old Bridge Twp,19,7|101,0.001,28,34|98,0.002,26,29|98,0.002
G. K-12 / 3501 +,Middlesex,4090,Perth Amboy City,25,21|101,0.002,15,7|98,9E-4,18,7|98,0.001
G. K-12 / 3501 +,Middlesex,4130,Piscataway Twp,26,27|101,0.002,22,17|98,0.002,32,41|98,0.002
G. K-12 / 3501 +,Middlesex,4660,Sayreville Boro,35,54|101,0.003,25,26|98,0.002,23,18|98,0.002
G. K-12 / 3501 +,Middlesex,4860,South Brunswick Twp,17,5|101,0.001,11,1|98,89E-5,14,2|98,0.001
G. K-12 / 3501 +,Middlesex,5850,Woodbridge Twp,21,15|101,0.002,22,17|98,0.002,25,24|98,0.002
G. K-12 / 3501 +,Monmouth,2770,Long Branch City,31,43|101,0.002,23,20|98,0.001,20,8|98,0.001
G. K-12 / 3501 +,Monmouth,3040,Matawan-Aberdeen Regional,42,65|101,0.003,27,31|98,0.002,21,11|98,0.001
G. K-12 / 3501 +,Monmouth,3160,Middletown Twp,31,43|101,0.002,38,58|98,0.003,37,58|98,0.002
G. K-12 / 3501 +,Monmouth,3510,Neptune Twp,38,55|101,0.002,47,71|98,0.003,24,21|98,0.001
G. K-12 / 3501 +,Morris,785,Sch Dist Of The Chathams,38,55|101,0.003,52,79|98,0.004,53,81|98,0.004
G. K-12 / 3501 +,Morris,3340,Montville Twp,188,100|101,0.012,122,94|98,0.007,80,90|98,0.005
G. K-12 / 3501 +,Morris,3385,Morris School District,45,69|101,0.003,34,49|98,0.002,45,73|98,0.003
G. K-12 / 3501 +,Morris,3450,Mount Olive Twp,29,38|101,0.002,32,43|98,0.002,33,44|98,0.002
G. K-12 / 3501 +,Morris,3950,Parsippany-Troy Hills Twp,19,7|101,0.001,20,14|98,0.001,33,44|98,0.002
G. K-12 / 3501 +,Morris,4330,Randolph Twp,51,78|101,0.003,42,65|98,0.003,51,79|98,0.003
G. K-12 / 3501 +,Morris,4560,Roxbury Twp,38,55|101,0.002,36,56|98,0.002,36,55|98,0.002
G. K-12 / 3501 +,Ocean,530,Brick Twp,46,71|101,0.003,54,82|98,0.004,43,70|98,0.003
G. K-12 / 3501 +,Ocean,2360,Jackson Twp,31,43|101,0.002,42,65|98,0.003,34,48|98,0.002
G. K-12 / 3501 +,Ocean,2480,Lacey Twp,44,68|101,0.003,34,49|98,0.002,25,24|98,0.002
G. K-12 / 3501 +,Ocean,2520,Lakewood Twp,123,97|101,0.01,132,95|98,0.01,112,95|98,0.008
G. K-12 / 3501 +,Ocean,5190,Toms River Regional,28,34|101,0.002,35,52|98,0.003,21,11|98,0.002
G. K-12 / 3501 +,Passaic,900,Clifton City,17,5|101,0.001,14,6|98,0.001,27,32|98,0.002
G. K-12 / 3501 +,Passaic,3970,Passaic City,20,11|101,0.001,18,10|98,0.001,17,5|98,0.001
G. K-12 / 3501 +,Passaic,4010,Paterson City,56,84|101,0.004,39,62|98,0.003,46,74|98,0.003
G. K-12 / 3501 +,Passaic,5570,Wayne Twp,41,63|101,0.002,53,81|98,0.003,37,58|98,0.002
G. K-12 / 3501 +,Somerset,350,Bernards Twp,28,34|101,0.002,33,46|98,0.002,21,11|98,0.001
G. K-12 / 3501 +,Somerset,555,Bridgewater-Raritan Reg,48,74|101,0.003,42,65|98,0.003,44,72|98,0.003
G. K-12 / 3501 +,Somerset,1610,Franklin Twp,26,27|101,0.002,35,52|98,0.002,42,66|98,0.003
G. K-12 / 3501 +,Somerset,2170,Hillsborough Twp,29,38|101,0.002,24,24|98,0.002,22,15|98,0.001
G. K-12 / 3501 +,Somerset,3320,Montgomery Twp,38,55|101,0.003,30,41|98,0.002,50,78|98,0.003
G. K-12 / 3501 +,Union,980,Cranford Twp,51,78|101,0.004,36,56|98,0.002,35,52|98,0.002
G. K-12 / 3501 +,Union,1320,Elizabeth City,177,99|101,0.011,117,91|98,0.007,88,93|98,0.006
G. K-12 / 3501 +,Union,2660,Linden City,31,43|101,0.002,33,46|98,0.002,41,64|98,0.002
G. K-12 / 3501 +,Union,4160,Plainfield City,23,19|101,0.001,25,26|98,0.002,25,24|98,0.002
G. K-12 / 3501 +,Union,4290,Rahway City,25,21|101,0.002,18,10|98,0.001,24,21|98,0.002
G. K-12 / 3501 +,Union,4670,Scotch Plains-Fanwood Reg,20,11|101,0.002,24,24|98,0.002,30,36|98,0.002
G. K-12 / 3501 +,Union,5090,Summit City,39,59|101,0.003,121,93|98,0.008,51,79|98,0.003
G. K-12 / 3501 +,Union,5290,Union Twp,20,11|101,0.001,31,42|98,0.002,29,35|98,0.002
G. K-12 / 3501 +,Union,5730,Westfield Town,34,52|101,0.003,25,26|98,0.002,49,76|98,0.003
G. K-12 / 3501 +,Warren,4100,Phillipsburg Town,51,78|101,0.003,52,79|98,0.003,87,92|98,0.005
H. 7-12 / 9-12,Statewide,N.A.,1. State average - Operating Type 7-12,38,N.A.,0.003,31,N.A.,0.002,38,N.A.,0.002
H. 7-12 / 9-12,Statewide,N.A.,2. State median - Operating Type 7-12,21,N.A.,0.001,25,N.A.,0.002,33,N.A.,0.002
H. 7-12 / 9-12,Statewide,N.A.,3. State average - Operating Type 9-12,51,N.A.,0.003,52,N.A.,0.003,44,N.A.,0.002
H. 7-12 / 9-12,Statewide,N.A.,4. State median - Operating Type 9-12,46,N.A.,0.003,50,N.A.,0.003,44,N.A.,0.002
H. 7-12 / 9-12,Statewide,N.A.,5. State average - All operating types,47,N.A.,0.003,47,N.A.,0.003,43,N.A.,0.003
H. 7-12 / 9-12,Statewide,N.A.,6. State median - All operating types,39,N.A.,0.003,40,N.A.,0.003,41,N.A.,0.003
H. 7-12 / 9-12,Atlantic,1790,Greater Egg Harbor Reg,47,26|46,0.003,20,8|46,0.001,29,10|46,0.002
H. 7-12 / 9-12,Atlantic,2910,Mainland Regional,24,11|46,0.001,19,7|46,0.001,36,16|46,0.002
H. 7-12 / 9-12,Bergen,745,Carlstadt-East Rutherford,420,46|46,0.02,272,46|46,0.013,55,32|46,0.003
H. 7-12 / 9-12,Bergen,3700,Northern Highlands Reg,125,43|46,0.007,126,45|46,0.007,56,34|46,0.003
H. 7-12 / 9-12,Bergen,3710,Northern Valley Regional,48,28|46,0.003,51,29|46,0.002,49,28|46,0.002
H. 7-12 / 9-12,Bergen,3960,Pascack Valley Regional,50,30|46,0.003,35,20|46,0.002,39,20|46,0.002
H. 7-12 / 9-12,Bergen,4300,Ramapo-Indian Hill Reg,44,21|46,0.003,50,26|46,0.003,62,37|46,0.003
H. 7-12 / 9-12,Bergen,4405,River Dell Regional,45,22|46,0.003,50,26|46,0.003,40,21|46,0.002
H. 7-12 / 9-12,Burlington,2610,Lenape Regional,65,36|46,0.004,69,35|46,0.004,50,29|46,0.003
H. 7-12 / 9-12,Burlington,3690,Northern Burlington Reg,9,3|46,62E-5,10,5|46,72E-5,15,3|46,0.001
H. 7-12 / 9-12,Burlington,4320,Rancocas Valley Regional,23,10|46,0.002,26,13|46,0.002,35,15|46,0.003
H. 7-12 / 9-12,Camden,390,Black Horse Pike Regional,52,32|46,0.004,72,37|46,0.005,42,23|46,0.003
H. 7-12 / 9-12,Camden,1255,Eastern Camden County Reg,45,22|46,0.003,24,11|46,0.002,55,32|46,0.003
H. 7-12 / 9-12,Camden,5035,Sterling High School Dist,46,24|46,0.003,70,36|46,0.005,66,39|46,0.004
H. 7-12 / 9-12,Cape May,2820,Lower Cape May Regional,6,2|46,37E-5,6,1|46,31E-5,22,7|46,0.001
H. 7-12 / 9-12,Cumberland,997,Cumberland Regional,142,45|46,0.011,97,42|46,0.007,125,46|46,0.008
H. 7-12 / 9-12,Essex,5630,West Essex Regional,20,8|46,0.001,21,9|46,0.001,58,35|46,0.003
H. 7-12 / 9-12,Gloucester,870,Clearview Regional,21,9|46,0.002,8,3|46,65E-5,9,1|46,66E-5
H. 7-12 / 9-12,Gloucester,1715,Gateway Regional,11,4|46,65E-5,9,4|46,51E-5,11,2|46,56E-5
H. 7-12 / 9-12,Gloucester,2440,Kingsway Regional,57,34|46,0.005,38,21|46,0.004,33,13|46,0.003
H. 7-12 / 9-12,Gloucester,4940,Delsea Regional H.S Dist.,18,7|46,0.001,25,12|46,0.002,16,4|46,97E-5
H. 7-12 / 9-12,Hunterdon,1050,Delaware Valley Regional,46,24|46,0.003,62,32|46,0.003,50,29|46,0.003
H. 7-12 / 9-12,Hunterdon,2300,Hunterdon Central Reg,41,18|46,0.003,75,38|46,0.005,63,38|46,0.003
H. 7-12 / 9-12,Hunterdon,3660,N Hunt/Voorhees Regional,42,20|46,0.003,67,33|46,0.004,36,16|46,0.002
H. 7-12 / 9-12,Monmouth,1650,Freehold Regional,27,12|46,0.002,34,18|46,0.002,34,14|46,0.002
H. 7-12 / 9-12,Monmouth,2120,Henry Hudson Regional,111,40|46,0.006,119,44|46,0.006,85,43|46,0.004
H. 7-12 / 9-12,Monmouth,3270,Monmouth Regional,41,18|46,0.002,48,23|46,0.002,46,26|46,0.002
H. 7-12 / 9-12,Monmouth,4365,Red Bank Regional,100,39|46,0.005,93,41|46,0.005,40,21|46,0.002
H. 7-12 / 9-12,Monmouth,4580,Rumson-Fair Haven Reg,50,30|46,0.003,54,31|46,0.003,71,40|46,0.004
H. 7-12 / 9-12,Monmouth,4760,Shore Regional,126,44|46,0.006,97,42|46,0.005,109,45|46,0.005
H. 7-12 / 9-12,Morris,1990,Hanover Park Regional,58,35|46,0.004,32,15|46,0.002,50,29|46,0.003
H. 7-12 / 9-12,Morris,3370,Morris Hills Regional,37,15|46,0.002,50,26|46,0.003,30,11|46,0.002
H. 7-12 / 9-12,Morris,5660,West Morris Regional,30,13|46,0.002,27,14|46,0.002,27,9|46,0.002
H. 7-12 / 9-12,Ocean,770,Central Regional,119,42|46,0.008,52,30|46,0.004,72,41|46,0.005
H. 7-12 / 9-12,Ocean,4105,Pinelands Regional,47,26|46,0.003,77,39|46,0.004,58,35|46,0.003
H. 7-12 / 9-12,Ocean,4950,Southern Regional,13,5|46,81E-5,10,5|46,64E-5,16,4|46,92E-5
H. 7-12 / 9-12,Passaic,2510,Lakeland Regional,35,14|46,0.002,45,22|46,0.002,37,18|46,0.002
H. 7-12 / 9-12,Passaic,3980,Passaic Co Manchester Reg,55,33|46,0.004,81,40|46,0.006,47,27|46,0.003
H. 7-12 / 9-12,Passaic,3990,Passaic Valley Regional,14,6|46,85E-5,33,16|46,0.002,24,8|46,0.001
H. 7-12 / 9-12,Somerset,5550,Watchung Hills Regional,40,17|46,0.003,34,18|46,0.002,42,23|46,0.002
H. 7-12 / 9-12,Sussex,2165,High Point Regional,74,37|46,0.004,49,25|46,0.002,44,25|46,0.002
H. 7-12 / 9-12,Sussex,2465,Kittatinny Regional,4,1|46,25E-5,7,2|46,39E-5,20,6|46,0.001
H. 7-12 / 9-12,Sussex,2615,Lenape Valley Regional,39,16|46,0.003,33,16|46,0.002,38,19|46,0.002
H. 7-12 / 9-12,Sussex,5435,Wallkill Valley Regional,81,38|46,0.005,21,9|46,0.001,31,12|46,0.002
H. 7-12 / 9-12,Warren,3675,North Warren Regional,114,41|46,0.008,48,23|46,0.003,84,42|46,0.005
H. 7-12 / 9-12,Warren,5465,Warren Hills Regional,49,29|46,0.003,67,33|46,0.004,90,44|46,0.005
I. CSSD,Statewide,N.A.,1. State average -  Operating Type CSSD,128,N.A.,0.002,164,N.A.,0.003,157,N.A.,0.002
I. CSSD,Statewide,N.A.,2. State median - Operating Type CSSD,108,N.A.,0.002,94,N.A.,0.002,144,N.A.,0.003
I. CSSD,Statewide,N.A.,5. State average - All operating types,47,N.A.,0.003,47,N.A.,0.003,43,N.A.,0.003
I. CSSD,Statewide,N.A.,6. State median - All operating types,39,N.A.,0.003,40,N.A.,0.003,41,N.A.,0.003
I. CSSD,Atlantic,125,Atlantic Co Special Serv,104,4|8,0.002,98,5|8,0.002,108,3|8,0.002
I. CSSD,Bergen,285,Bergen Co Special Service,320,8|8,0.004,402,8|8,0.005,298,7|8,0.003
I. CSSD,Burlington,605,Burlington Co Spec Serv,112,5|8,0.002,215,6|8,0.004,175,6|8,0.003
I. CSSD,Cape May,715,Cape May Co Special Serv,29,1|8,6E-4,43,1|8,89E-5,76,2|8,0.001
I. CSSD,Gloucester,1774,Gloucester Co Spec Serv,41,3|8,0.001,90,4|8,0.002,72,1|8,0.001
I. CSSD,Mercer,3103,Mercer Co Special Service,126,6|8,0.002,50,2|8,77E-5,151,5|8,0.002
I. CSSD,Salem,4635,Salem Co Special Service,29,1|8,78E-5,54,3|8,0.001,136,4|8,0.003
I. CSSD,Warren,5450,Warren Co Special Service,159,7|8,0.004,289,7|8,0.004,300,8|8,0.005
J. VOC,Statewide,N.A.,1. State average - Operating Type VOC,53,N.A.,0.003,48,N.A.,0.003,52,N.A.,0.003
J. VOC,Statewide,N.A.,2. State median - Operating Type VOC,53,N.A.,0.003,46,N.A.,0.003,44,N.A.,0.003
J. VOC,Statewide,N.A.,5. State average - All operating types,47,N.A.,0.003,47,N.A.,0.003,43,N.A.,0.003
J. VOC,Statewide,N.A.,6. State median - All operating types,39,N.A.,0.003,40,N.A.,0.003,41,N.A.,0.003
J. VOC,Atlantic,120,Atlantic Co Vocational,23,8|21,0.002,17,5|21,0.001,20,2|21,0.001
J. VOC,Bergen,290,Bergen County Vocational,100,16|21,0.004,95,18|21,0.004,124,20|21,0.004
J. VOC,Burlington,610,Burlington Co Vocational,128,18|21,0.008,88,17|21,0.005,88,17|21,0.006
J. VOC,Camden,700,Camden County Vocational,35,10|21,0.002,28,8|21,0.001,27,6|21,0.001
J. VOC,Cape May,720,Cape May Co Vocational,77,13|21,0.004,71,14|21,0.003,76,16|21,0.004
J. VOC,Cumberland,995,Cumberland Co Vocational,95,14|21,0.005,218,21|21,0.009,120,19|21,0.006
J. VOC,Essex,1390,Essex Co Voc-Tech,10,1|21,6E-4,7,1|21,38E-5,44,11|21,0.002
J. VOC,Gloucester,1775,Gloucester Co Vocational,15,5|21,0.001,11,2|21,86E-5,18,1|21,0.001
J. VOC,Hudson,2295,Hudson County Vocational,53,11|21,0.003,43,10|21,0.002,72,14|21,0.004
J. VOC,Hunterdon,2308,Hunterdon Co Vocational,20,6|21,0.001,14,4|21,96E-5,22,3|21,0.002
J. VOC,Mercer,3105,Mercer County Vocational,95,14|21,0.004,87,16|21,0.004,110,18|21,0.005
J. VOC,Middlesex,3150,Middlesex Co Vocational,14,4|21,86E-5,20,6|21,0.001,22,3|21,0.001
J. VOC,Monmouth,3260,Monmouth Co Vocational,13,3|21,0.001,32,9|21,0.002,27,6|21,0.001
J. VOC,Morris,3365,Morris County Vocational,145,20|21,0.009,49,12|21,0.003,73,15|21,0.005
J. VOC,Ocean,3790,Ocean County Vocational,32,9|21,0.002,46,11|21,0.003,34,9|21,0.003
J. VOC,Passaic,3995,Passaic County Vocational,64,12|21,0.003,53,13|21,0.003,51,13|21,0.002
J. VOC,Salem,4640,Salem County Vocational,22,7|21,0.002,26,7|21,0.003,24,5|21,0.002
J. VOC,Somerset,4810,Somerset Co Vocational,139,19|21,0.005,159,20|21,0.005,124,20|21,0.004
J. VOC,Sussex,5110,Sussex County Vocational,162,21|21,0.01,120,19|21,0.008,43,10|21,0.003
J. VOC,Union,5260,Union County Vocational,11,2|21,89E-5,11,2|21,95E-5,31,8|21,0.003
J. VOC,Warren,5460,Warren County Vocational,100,16|21,0.006,80,15|21,0.004,49,12|21,0.003
K. Charter,Statewide,N.A.,1. State average-Operating Type CHARTER,110,N.A.,0.008,95,N.A.,0.007,63,N.A.,0.005
K. Charter,Statewide,N.A.,2. State median-Operating Type CHARTER,65,N.A.,0.005,57,N.A.,0.004,60,N.A.,0.005
K. Charter,Statewide,N.A.,5. State average - All operating types,47,N.A.,0.003,47,N.A.,0.003,43,N.A.,0.003
K. Charter,Statewide,N.A.,6. State median - All operating types,39,N.A.,0.003,40,N.A.,0.003,41,N.A.,0.003
K. Charter,Atlantic,6060,Atlantic Community Charter S,297,41|91,0.02,92,31|90,0.006,173,73|92,0.012
K. Charter,Atlantic,6104,International Academy Of Atl,N.R.,N.R.,N.R.,208,39|90,0.018,58,41|92,0.005
K. Charter,Atlantic,7410,Chartertech High School For,16,5|91,96E-5,30,8|90,0.002,9,3|92,65E-5
K. Charter,Bergen,6013,Bergen Arts And Sciences Cha,N.R.,N.R.,N.R.,N.R.,N.R.,N.R.,11,4|92,0.001
K. Charter,Bergen,6430,Englewood On The Palisades C,349,43|91,0.019,41,16|90,0.003,216,79|92,0.017
K. Charter,Bergen,7890,Teaneck Community Charter Sc,253,39|91,0.017,42,17|90,0.003,62,44|92,0.005
K. Charter,Burlington,6026,Riverbank Charter School Of,N.R.,N.R.,N.R.,N.R.,N.R.,N.R.,17,13|92,0.002
K. Charter,Burlington,6076,Benjamin Banneker Preparator,N.R.,N.R.,N.R.,N.R.,N.R.,N.R.,83,62|92,0.007
K. Charter,Camden,1799,Kipp Cooper Norcross,N.R.,N.R.,N.R.,N.R.,N.R.,N.R.,67,48|92,0.005
K. Charter,Camden,1801,Camden Prep,N.R.,N.R.,N.R.,N.R.,N.R.,N.R.,68,50|92,0.006
K. Charter,Camden,1802,Mastery Schools Of Camden,57,19|91,0.003,60,25|90,0.003,53,39|92,0.004
K. Charter,Camden,6067,The Kingdom Charter School O,80,25|91,0.007,46,18|90,0.004,381,83|92,0.037
K. Charter,Camden,6086,Hope Community Cs,42,13|91,0.003,2,1|90,12E-5,12,9|92,94E-5
K. Charter,Camden,6107,Camden's Promise Charter Sch,N.R.,N.R.,N.R.,9,4|90,66E-5,11,4|92,0.001
K. Charter,Camden,6232,Environment Community Opport,19,8|91,0.001,50,22|90,0.003,75,60|92,0.004
K. Charter,Camden,6240,Freedom Prep Charter School,N.R.,N.R.,N.R.,N.R.,N.R.,N.R.,22,16|92,0.002
K. Charter,Camden,7109,Leap Academy University Char,18,7|91,0.002,46,18|90,0.004,64,45|92,0.006
K. Charter,Cumberland,6028,Vineland Public Charter Scho,53,17|91,0.006,36,11|90,0.004,35,27|92,0.005
K. Charter,Cumberland,6069,Millville Public Charter Sch,11,2|91,0.001,122,34|90,0.013,N.R.,N.R.,N.R.
K. Charter,Cumberland,6089,Compass Academy Charter Scho,11,2|91,0.001,36,11|90,0.004,71,57|92,0.01
K. Charter,Cumberland,6100,Bridgeton Public Charter Sch,1,1|91,97E-6,56,23|90,0.005,90,65|92,0.008
K. Charter,Essex,6020,Pride Academy Charter School,N.R.,N.R.,N.R.,N.R.,N.R.,N.R.,N.R.,N.R.,N.R.
K. Charter,Essex,6022,Burch Charter School Of Exce,215,38|91,0.016,193,37|90,0.016,183,75|92,0.017
K. Charter,Essex,6029,Newark Educators Community C,106,30|91,0.006,87,30|90,0.005,74,59|92,0.005
K. Charter,Essex,6053,Great Oaks Legacy Charter Sc,49,16|91,0.003,32,9|90,0.002,28,20|92,0.002
K. Charter,Essex,6057,Peoples Preparatory Charter,N.R.,N.R.,N.R.,N.R.,N.R.,N.R.,28,20|92,0.002
K. Charter,Essex,6058,Roseville Community Charter,N.R.,N.R.,N.R.,N.R.,N.R.,N.R.,68,50|92,0.005
K. Charter,Essex,6094,Phillip's Academy Charter Sc,N.R.,N.R.,N.R.,N.R.,N.R.,N.R.,11,4|92,0.001
K. Charter,Essex,6099,Link Community Charter Schoo,92,29|91,0.006,N.R.,N.R.,N.R.,123,69|92,0.008
K. Charter,Essex,6109,Lead Charter School,N.R.,N.R.,N.R.,N.R.,N.R.,N.R.,33,23|92,0.002
K. Charter,Essex,6110,Achieve Community Charter Sc,N.R.,N.R.,N.R.,N.R.,N.R.,N.R.,64,45|92,0.006
K. Charter,Essex,6320,Discovery Charter School,N.R.,N.R.,N.R.,N.R.,N.R.,N.R.,800,84|92,0.055
K. Charter,Essex,6410,East Orange Community Charte,24,9|91,0.002,37,14|90,0.003,33,23|92,0.003
K. Charter,Essex,6665,The Gray Charter School,36,11|91,0.003,33,10|90,0.002,59,42|92,0.005
K. Charter,Essex,7100,Lady Liberty Academy Charter,711,45|91,0.041,580,46|90,0.033,154,72|92,0.011
K. Charter,Essex,7210,Marion P. Thomas Charter Sch,66,23|91,0.004,68,26|90,0.004,202,78|92,0.013
K. Charter,Essex,7290,New Horizons Community Chart,N.R.,N.R.,N.R.,N.R.,N.R.,N.R.,67,48|92,0.006
K. Charter,Essex,7320,North Star Academy Charter S,N.R.,N.R.,N.R.,N.R.,N.R.,N.R.,12,9|92,94E-5
K. Charter,Essex,7325,Team Academy Charter School,N.R.,N.R.,N.R.,N.R.,N.R.,N.R.,25,18|92,0.002
K. Charter,Essex,7730,Robert Treat Academy Charter,N.R.,N.R.,N.R.,N.R.,N.R.,N.R.,73,58|92,0.007
K. Charter,Essex,7735,Maria Varisco Rogers Charter,15,4|91,81E-5,47,21|90,0.003,61,43|92,0.004
K. Charter,Essex,8065,University Heights Charter S,64,21|91,0.004,81,28|90,0.005,112,68|92,0.009
K. Charter,Hudson,6030,The Ethical Community Charte,N.R.,N.R.,N.R.,N.R.,N.R.,N.R.,27,19|92,0.003
K. Charter,Hudson,6036,Hoboken Dual Language Charte,N.R.,N.R.,N.R.,N.R.,N.R.,N.R.,77,61|92,0.008
K. Charter,Hudson,6064,Dr Lena Edwards Academic Cha,N.R.,N.R.,N.R.,N.R.,N.R.,N.R.,65,47|92,0.006
K. Charter,Hudson,6068,M.E.T.S. Charter School,322,42|91,0.024,124,35|90,0.01,128,71|92,0.011
K. Charter,Hudson,6082,Beloved Community Charter Sc,N.R.,N.R.,N.R.,N.R.,N.R.,N.R.,19,15|92,0.002
K. Charter,Hudson,6093,Jersey City Global Cs,53,17|91,0.006,73,27|90,0.008,68,50|92,0.008
K. Charter,Hudson,6103,Empowerment Academy Charter,N.R.,N.R.,N.R.,N.R.,N.R.,N.R.,35,27|92,0.004
K. Charter,Hudson,6105,Hudson Arts And Science Char,N.R.,N.R.,N.R.,N.R.,N.R.,N.R.,11,4|92,0.001
K. Charter,Hudson,6184,Great Futures Charter School,65,22|91,0.006,520,45|90,0.038,179,74|92,0.021
K. Charter,Hudson,6420,Elysian Charter School,N.R.,N.R.,N.R.,14,7|90,98E-5,35,27|92,0.003
K. Charter,Hudson,6720,Hoboken Charter School,47,15|91,0.003,159,36|90,0.01,N.R.,N.R.,N.R.
K. Charter,Hudson,6910,Jersey City Community Charte,N.R.,N.R.,N.R.,57,24|90,0.005,69,54|92,0.008
K. Charter,Hudson,6915,Jersey City Golden Door Char,N.R.,N.R.,N.R.,N.R.,N.R.,N.R.,39,30|92,0.004
K. Charter,Hudson,7115,Learning Community Charter S,N.R.,N.R.,N.R.,N.R.,N.R.,N.R.,46,36|92,0.006
K. Charter,Hudson,7830,Soaring Heights,N.R.,N.R.,N.R.,N.R.,N.R.,N.R.,83,62|92,0.008
K. Charter,Hudson,8060,University Academy Charter H,N.R.,N.R.,N.R.,N.R.,N.R.,N.R.,89,64|92,0.007
K. Charter,Mercer,6017,Foundation Academy Charter S,N.R.,N.R.,N.R.,N.R.,N.R.,N.R.,34,26|92,0.003
K. Charter,Mercer,6025,Paul Robeson Charter School,N.R.,N.R.,N.R.,N.R.,N.R.,N.R.,42,32|92,0.004
K. Charter,Mercer,6182,International Academy Of Tre,294,40|91,0.026,358,42|90,0.027,188,76|92,0.016
K. Charter,Mercer,6183,Trenton Stem-To-Civics Chart,N.R.,N.R.,N.R.,N.R.,N.R.,N.R.,30,22|92,0.002
K. Charter,Mercer,6810,International Charter School,N.R.,N.R.,N.R.,N.R.,N.R.,N.R.,11,4|92,89E-5
K. Charter,Mercer,7500,Pace Charter School Of Hamil,N.R.,N.R.,N.R.,N.R.,N.R.,N.R.,5,1|92,52E-5
K. Charter,Mercer,7540,Princeton Charter School,N.R.,N.R.,N.R.,N.R.,N.R.,N.R.,348,82|92,0.028
K. Charter,Mercer,8140,The Village Charter School,N.R.,N.R.,N.R.,37,14|90,0.003,N.R.,N.R.,N.R.
K. Charter,Middlesex,6032,Academy For Urban Leadership,129,34|91,0.01,205,38|90,0.016,260,80|92,0.021
K. Charter,Middlesex,6041,Hatikvah International Chart,198,37|91,0.016,46,18|90,0.004,70,56|92,0.007
K. Charter,Middlesex,6635,Greater Brunswick Charter Sc,16,5|91,0.001,8,3|90,56E-5,47,37|92,0.004
K. Charter,Monmouth,6010,Academy Charter High School,76,24|91,0.005,81,28|90,0.004,18,14|92,0.001
K. Charter,Monmouth,6740,Hope Academy Charter School,N.R.,N.R.,N.R.,N.R.,N.R.,N.R.,111,67|92,0.009
K. Charter,Monmouth,7720,Red Bank Charter School,41,12|91,0.003,232,40|90,0.015,N.R.,N.R.,N.R.
K. Charter,Monmouth,7891,College Achieve Greater Asbu,N.R.,N.R.,N.R.,N.R.,N.R.,N.R.,24,17|92,0.002
K. Charter,Morris,8050,Unity Charter School,N.R.,N.R.,N.R.,115,32|90,0.008,125,70|92,0.01
K. Charter,Ocean,7893,Ocean Academy Charter Schoo,N.R.,N.R.,N.R.,N.R.,N.R.,N.R.,33,23|92,0.003
K. Charter,Passaic,6021,Community Charter School Of,N.R.,N.R.,N.R.,N.R.,N.R.,N.R.,39,30|92,0.003
K. Charter,Passaic,6079,John P. Holland Charter Scho,112,32|91,0.008,250,41|90,0.016,69,54|92,0.009
K. Charter,Passaic,6080,Passaic Arts And Science Cha,N.R.,N.R.,N.R.,N.R.,N.R.,N.R.,6,2|92,55E-5
K. Charter,Passaic,6096,Paterson Arts And Science Ch,N.R.,N.R.,N.R.,N.R.,N.R.,N.R.,52,38|92,0.005
K. Charter,Passaic,6106,Philip's Academy Charter Sch,N.R.,N.R.,N.R.,N.R.,N.R.,N.R.,12,9|92,0.001
K. Charter,Passaic,6230,Classical Academy Charter Sc,106,30|91,0.011,448,43|90,0.044,297,81|92,0.023
K. Charter,Passaic,7503,Paterson Charter School For,N.R.,N.R.,N.R.,N.R.,N.R.,N.R.,68,50|92,0.006
K. Charter,Passaic,7892,College Achieve Paterson Cha,N.R.,N.R.,N.R.,N.R.,N.R.,N.R.,12,9|92,0.001
K. Charter,Somerset,6018,Central Jersey College Prep,28,10|91,0.002,116,33|90,0.009,189,77|92,0.018
K. Charter,Somerset,6081,Thomas Edison Energysmart Ch,43,14|91,0.004,3,2|90,3E-4,53,39|92,0.006
K. Charter,Sussex,7850,Sussex County Technology Cha,81,26|91,0.006,36,11|90,0.002,45,35|92,0.003
K. Charter,Union,6033,The Barack Obama Green Chart,126,33|91,0.008,12,5|90,91E-5,42,32|92,0.003
K. Charter,Union,6101,College Achieve Central Char,91,28|91,0.008,12,5|90,0.001,42,32|92,0.004
K. Charter,Union,6102,Cresthaven Academy Charter S,N.R.,N.R.,N.R.,N.R.,N.R.,N.R.,92,66|92,0.007
K. Charter,Union,7600,The Queen City Academy Chart,428,44|91,0.037,448,43|90,0.039,N.R.,N.R.,N.R.
K. Charter,Union,8010,Union County Teams Charter S,N.R.,N.R.,N.R.,N.R.,N.R.,N.R.,N.R.,N.R.,N.R.
K. Charter,Warren,7727,Ridge And Valley Charter Sch,N.R.,N.R.,N.R.,N.R.,N.R.,N.R.,N.R.,N.R.,N.R.
