GROUP,CONAME,DIST,DISTNAME,PP115,PP215,PP315
A. K-6,Statewide,N.A.,Group average: A. K-6,185,158,91
A. K-6,Statewide,N.A.,Group median:  A. K-6,126,95,72
A. K-6,Statewide,N.A.,State average:   All operating types,137,139,179
A. K-6,Statewide,N.A.,State median:    All operating types,108,117,104
A. K-6,Bergen,1270,Edgewater Boro,0,0,0
A. K-6,Bergen,3870,Oradell Boro,250,86,57
A. K-6,Bergen,4410,River Edge Boro,0,0,0
A. K-6,Bergen,4620,Saddle River School District,1383,0,0
A. K-6,Burlington,830,Chesterfield Twp,218,21,7
A. K-6,Burlington,2960,Mansfield Twp,22,N.R.,5
A. K-6,Burlington,3650,North Hanover Twp,457,556,104
A. K-6,Burlington,5010,Springfield Twp,5,0,0
A. K-6,Camden,2540,Laurel Springs Boro,29,201,0
A. K-6,Camden,3770,Oaklyn Boro,0,16,0
A. K-6,Camden,5560,Waterford Twp,22,200,82
A. K-6,Cape May,710,Cape May City,79,1194,71
A. K-6,Cape May,2840,Lower Twp,165,117,55
A. K-6,Cape May,5610,West Cape May Boro,1509,126,0
A. K-6,Essex,1400,Essex Fells Boro,153,92,0
A. K-6,Essex,1465,Fairfield Twp,0,4,0
A. K-6,Essex,3630,North Caldwell Boro,62,162,0
A. K-6,Essex,4530,Roseland Boro,0,18,0
A. K-6,Gloucester,1180,East Greenwich Twp,10,27,35
A. K-6,Gloucester,1330,Elk Twp,0,254,0
A. K-6,Gloucester,1590,Franklin Twp,537,4,0
A. K-6,Gloucester,2070,Harrison Twp,72,202,0
A. K-6,Gloucester,2990,Mantua Twp,229,258,158
A. K-6,Gloucester,3490,National Park Boro,421,161,135
A. K-6,Gloucester,4880,South Harrison Twp,126,725,103
A. K-6,Gloucester,5120,Swedesboro-Woolwich,0,56,23
A. K-6,Gloucester,5590,Wenonah Boro,32,17,45
A. K-6,Gloucester,5740,Westville Boro,0,120,72
A. K-6,Gloucester,5870,Woodbury Heights Boro,0,9,0
A. K-6,Hunterdon,1970,Hampton Boro,141,78,0
A. K-6,Hunterdon,2590,Lebanon Boro,122,28,0
A. K-6,Hunterdon,3180,Milford Boro,508,2356,0
A. K-6,Monmouth,130,Atlantic Highlands Boro,0,0,N.R.
A. K-6,Monmouth,2160,Highlands Boro,165,156,N.R.
A. K-6,Monmouth,4520,Roosevelt Boro,0,0,0
A. K-6,Morris,3240,Mine Hill Twp,145,73,43
A. K-6,Ocean,230,Beach Haven Boro,7,364,2273
A. K-6,Ocean,320,Berkeley Twp,37,124,17
A. K-6,Ocean,1150,Eagleswood Twp,458,95,788
A. K-6,Ocean,2350,Island Heights Boro,190,5,306
A. K-6,Ocean,2690,Little Egg Harbor Twp,66,95,29
A. K-6,Ocean,2760,Long Beach Island,367,1264,521
A. K-6,Ocean,3800,Ocean Gate Boro,143,1372,67
A. K-6,Ocean,3820,Ocean Twp,12,17,33
A. K-6,Ocean,4710,Seaside Heights Boro,16,181,107
A. K-6,Ocean,5020,Stafford Twp,356,87,45
A. K-6,Ocean,5220,Tuckerton Boro,20,88,844
A. K-6,Sussex,1630,Fredon Twp,0,147,493
A. K-6,Sussex,1980,Hampton Twp,0,0,0
A. K-6,Sussex,4650,Sandyston-Walpack Twp,0,654,0
A. K-6,Sussex,5040,Stillwater Twp,38,53,72
A. K-6,Warren,400,Blairstown Twp,102,167,117
A. K-6,Warren,1620,Franklin Twp,307,60,187
A. K-6,Warren,1670,Frelinghuysen Twp,0,0,0
A. K-6,Warren,2470,Knowlton Twp,59,23,0
A. K-6,Warren,2970,Mansfield Twp,0,11,0
A. K-6,Warren,5480,Washington Boro,0,0,0
A. K-6,Warren,5530,Washington Twp,0,233,0
B. K-8 / 0 - 400,Statewide,N.A.,Group average: B. K-8 / 0-400,256,290,239
B. K-8 / 0 - 400,Statewide,N.A.,Group median:  B. K-8 / 0-400,155,181,179
B. K-8 / 0 - 400,Statewide,N.A.,State average:   All operating types,137,139,179
B. K-8 / 0 - 400,Statewide,N.A.,State median:    All operating types,108,117,104
B. K-8 / 0 - 400,Atlantic,570,Brigantine City,88,138,223
B. K-8 / 0 - 400,Atlantic,1410,Estell Manor City,14,0,0
B. K-8 / 0 - 400,Atlantic,1540,Folsom Boro,0,0,0
B. K-8 / 0 - 400,Atlantic,3020,Margate City,511,646,14
B. K-8 / 0 - 400,Atlantic,4240,Port Republic City,0,0,0
B. K-8 / 0 - 400,Atlantic,5760,Weymouth Twp,0,0,0
B. K-8 / 0 - 400,Bergen,80,Alpine Boro,6,0,0
B. K-8 / 0 - 400,Bergen,3350,Moonachie Boro,284,133,0
B. K-8 / 0 - 400,Bergen,4870,South Hackensack Twp,0,54,0
B. K-8 / 0 - 400,Burlington,380,Beverly City,39,103,63
B. K-8 / 0 - 400,Burlington,1030,Delanco Twp,33,230,0
B. K-8 / 0 - 400,Burlington,3540,New Hanover Twp,0,0,0
B. K-8 / 0 - 400,Burlington,4460,Riverton,101,107,27
B. K-8 / 0 - 400,Burlington,5890,Woodland Twp,0,0,0
B. K-8 / 0 - 400,Camden,580,Brooklawn Boro,0,0,0
B. K-8 / 0 - 400,Camden,1720,Gibbsboro Boro,291,57,60
B. K-8 / 0 - 400,Camden,2560,Lawnside Boro,0,0,64
B. K-8 / 0 - 400,Camden,2890,Magnolia Boro,559,52,117
B. K-8 / 0 - 400,Camden,3110,Merchantville Boro,106,181,0
B. K-8 / 0 - 400,Cape May,170,Avalon Boro,0,0,947
B. K-8 / 0 - 400,Cape May,3680,North Wildwood City,57,0,0
B. K-8 / 0 - 400,Cape May,5060,Stone Harbor Boro,3803,75,444
B. K-8 / 0 - 400,Cape May,5800,Wildwood Crest Boro,151,65,356
B. K-8 / 0 - 400,Cape May,5840,Woodbine Boro,21,144,474
B. K-8 / 0 - 400,Cumberland,1020,Deerfield Twp,72,591,300
B. K-8 / 0 - 400,Cumberland,1120,Downe Twp,0,0,260
B. K-8 / 0 - 400,Cumberland,1820,Greenwich Twp,0,0,148
B. K-8 / 0 - 400,Cumberland,3050,Maurice River Twp,236,703,0
B. K-8 / 0 - 400,Cumberland,5070,Stow Creek Twp,270,1016,0
B. K-8 / 0 - 400,Hudson,1200,East Newark Boro,95,0,0
B. K-8 / 0 - 400,Hunterdon,370,Bethlehem Twp,159,64,52
B. K-8 / 0 - 400,Hunterdon,430,Bloomsbury Boro,0,0,0
B. K-8 / 0 - 400,Hunterdon,670,Califon Boro,911,62,0
B. K-8 / 0 - 400,Hunterdon,910,Clinton-Glen Gardner,627,198,0
B. K-8 / 0 - 400,Hunterdon,1160,East Amwell Twp,0,207,141
B. K-8 / 0 - 400,Hunterdon,1600,Franklin Twp,63,43,128
B. K-8 / 0 - 400,Hunterdon,1680,Frenchtown Boro,23,306,132
B. K-8 / 0 - 400,Hunterdon,2140,High Bridge Boro,145,286,169
B. K-8 / 0 - 400,Hunterdon,2450,Kingwood Twp,223,763,0
B. K-8 / 0 - 400,Monmouth,180,Avon Boro,0,115,0
B. K-8 / 0 - 400,Monmouth,270,Belmar Boro,0,839,0
B. K-8 / 0 - 400,Monmouth,500,Bradley Beach Boro,0,0,0
B. K-8 / 0 - 400,Monmouth,1000,Deal Boro,0,15,0
B. K-8 / 0 - 400,Monmouth,1490,Farmingdale Boro,59,0,57
B. K-8 / 0 - 400,Monmouth,3250,Monmouth Beach Boro,292,0,0
B. K-8 / 0 - 400,Monmouth,3500,Neptune City,895,235,53
B. K-8 / 0 - 400,Monmouth,4690,Sea Girt Boro,0,0,0
B. K-8 / 0 - 400,Monmouth,4980,Spring Lake Boro,0,222,0
B. K-8 / 0 - 400,Monmouth,4990,Spring Lake Heights Boro,234,269,0
B. K-8 / 0 - 400,Morris,460,Boonton Twp,582,132,134
B. K-8 / 0 - 400,Morris,2010,Harding Township,324,152,182
B. K-8 / 0 - 400,Morris,3410,Mount Arlington Boro,33,12,0
B. K-8 / 0 - 400,Morris,3520,Netcong Boro,37,104,256
B. K-8 / 0 - 400,Morris,4440,Riverdale Boro,215,527,306
B. K-8 / 0 - 400,Ocean,210,Bay Head Boro,890,673,1230
B. K-8 / 0 - 400,Ocean,2550,Lavallette Boro,1078,860,457
B. K-8 / 0 - 400,Salem,60,Alloway Twp,0,429,400
B. K-8 / 0 - 400,Salem,1350,Elsinboro Twp,239,358,241
B. K-8 / 0 - 400,Salem,2800,Lower Alloways Creek,63,1765,1673
B. K-8 / 0 - 400,Salem,2950,Mannington Twp,84,248,233
B. K-8 / 0 - 400,Salem,3860,Oldmans Twp,131,0,35
B. K-8 / 0 - 400,Salem,4280,Quinton Twp,247,140,101
B. K-8 / 0 - 400,Salem,5320,Upper Pittsgrove Twp,116,377,483
B. K-8 / 0 - 400,Sussex,1930,Hamburg Boro,464,484,580
B. K-8 / 0 - 400,Sussex,2490,Lafayette Twp,0,11,0
B. K-8 / 0 - 400,Sussex,3300,Montague Twp,98,136,285
B. K-8 / 0 - 400,Sussex,3840,Ogdensburg Boro,325,36,136
B. K-8 / 0 - 400,Sussex,5030,Stanhope Boro,164,568,0
B. K-8 / 0 - 400,Union,5810,Winfield Twp,81,0,277
B. K-8 / 0 - 400,Warren,70,Alpha Boro,0,0,0
B. K-8 / 0 - 400,Warren,2040,Harmony Twp,0,0,0
B. K-8 / 0 - 400,Warren,2250,Hope Twp,0,0,0
B. K-8 / 0 - 400,Warren,3890,Oxford Twp,175,50,171
B. K-8 / 0 - 400,Warren,4200,Pohatcong Twp,0,0,176
B. K-8 / 0 - 400,Warren,5780,White Twp,38,0,0
C. K-8 / 401 - 750,Statewide,N.A.,Group average: C. K-8 / 401-750,172,194,259
C. K-8 / 401 - 750,Statewide,N.A.,Group median:  C. K-8 / 401-750,93,144,138
C. K-8 / 401 - 750,Statewide,N.A.,State average:   All operating types,137,139,179
C. K-8 / 401 - 750,Statewide,N.A.,State median:    All operating types,108,117,104
C. K-8 / 401 - 750,Atlantic,1300,Egg Harbor City,92,237,281
C. K-8 / 401 - 750,Atlantic,3480,Mullica Twp,216,99,0
C. K-8 / 401 - 750,Atlantic,4800,Somers Point City,7,332,177
C. K-8 / 401 - 750,Atlantic,5350,Ventnor City,64,321,13
C. K-8 / 401 - 750,Bergen,740,Carlstadt Boro,0,0,0
C. K-8 / 401 - 750,Bergen,1380,Englewood Cliffs Boro,529,182,0
C. K-8 / 401 - 750,Bergen,2050,Harrington Park Boro,9,8,9
C. K-8 / 401 - 750,Bergen,2090,Haworth Boro,828,0,0
C. K-8 / 401 - 750,Bergen,2200,Ho Ho Kus Boro,0,42,0
C. K-8 / 401 - 750,Bergen,3730,Northvale Boro,51,0,0
C. K-8 / 401 - 750,Bergen,3740,Norwood Boro,22,86,0
C. K-8 / 401 - 750,Bergen,3850,Old Tappan Boro,65,54,0
C. K-8 / 401 - 750,Bergen,4470,Rochelle Park Twp,93,0,0
C. K-8 / 401 - 750,Bergen,5880,Woodcliff Lake Boro,188,225,0
C. K-8 / 401 - 750,Burlington,1250,Eastampton Twp,27,0,16
C. K-8 / 401 - 750,Burlington,1910,Hainesport Twp,28,134,107
C. K-8 / 401 - 750,Burlington,3070,Medford Lakes Boro,148,14,0
C. K-8 / 401 - 750,Burlington,4740,Shamong Twp,38,0,0
C. K-8 / 401 - 750,Burlington,4930,Southampton Township School District,93,19,0
C. K-8 / 401 - 750,Burlington,5130,Tabernacle Twp,148,70,69
C. K-8 / 401 - 750,Camden,190,Barrington Boro,0,0,0
C. K-8 / 401 - 750,Camden,340,Berlin Twp,22,330,527
C. K-8 / 401 - 750,Camden,880,Clementon Boro,149,127,420
C. K-8 / 401 - 750,Camden,3420,Mount Ephraim Boro,419,209,611
C. K-8 / 401 - 750,Camden,4790,Somerdale Boro,23,135,167
C. K-8 / 401 - 750,Camden,5900,Woodlynne Boro,248,84,119
C. K-8 / 401 - 750,Cape May,1080,Dennis Twp,341,445,11
C. K-8 / 401 - 750,Cumberland,950,Commercial Twp,86,0,884
C. K-8 / 401 - 750,Cumberland,1460,Fairfield Twp,0,12,0
C. K-8 / 401 - 750,Cumberland,2270,Hopewell Twp,175,78,946
C. K-8 / 401 - 750,Cumberland,2570,Lawrence Twp,0,35,213
C. K-8 / 401 - 750,Gloucester,1830,Greenwich Twp,0,0,18
C. K-8 / 401 - 750,Hunterdon,20,Alexandria Twp,0,295,0
C. K-8 / 401 - 750,Hunterdon,1040,Delaware Twp,615,425,31
C. K-8 / 401 - 750,Hunterdon,2220,Holland Twp,28,334,0
C. K-8 / 401 - 750,Hunterdon,2600,Lebanon Twp,49,197,0
C. K-8 / 401 - 750,Hunterdon,5180,Tewksbury Twp,262,462,232
C. K-8 / 401 - 750,Hunterdon,5270,Union Twp,162,145,77
C. K-8 / 401 - 750,Middlesex,970,Cranbury Twp,17,200,756
C. K-8 / 401 - 750,Middlesex,2370,Jamesburg Boro,27,43,138
C. K-8 / 401 - 750,Monmouth,560,Brielle Boro,74,0,0
C. K-8 / 401 - 750,Monmouth,2720,Little Silver Boro,0,0,0
C. K-8 / 401 - 750,Monmouth,3830,Oceanport Boro,160,110,60
C. K-8 / 401 - 750,Monmouth,4770,Shrewsbury Boro,13,318,0
C. K-8 / 401 - 750,Monmouth,5230,Union Beach,671,1439,913
C. K-8 / 401 - 750,Monmouth,5640,West Long Branch Boro,134,26,330
C. K-8 / 401 - 750,Morris,3090,Mendham Boro,553,273,452
C. K-8 / 401 - 750,Morris,3380,Morris Plains Boro,86,146,0
C. K-8 / 401 - 750,Morris,4480,Rockaway Boro,196,468,0
C. K-8 / 401 - 750,Morris,5770,Wharton Boro,12,28,0
C. K-8 / 401 - 750,Ocean,2500,Lakehurst Boro,113,217,135
C. K-8 / 401 - 750,Passaic,420,Bloomingdale Boro,1300,300,131
C. K-8 / 401 - 750,Passaic,3640,North Haledon Boro,43,38,25
C. K-8 / 401 - 750,Somerset,240,Bedminster Twp,269,324,27
C. K-8 / 401 - 750,Somerset,1810,Green Brook Twp,28,108,0
C. K-8 / 401 - 750,Somerset,4850,South Bound Brook,0,0,12
C. K-8 / 401 - 750,Somerset,5540,Watchung Boro,0,0,0
C. K-8 / 401 - 750,Sussex,90,Andover Reg,351,19,0
C. K-8 / 401 - 750,Sussex,1560,Frankford Twp,112,203,0
C. K-8 / 401 - 750,Sussex,1570,Franklin Boro,160,153,880
C. K-8 / 401 - 750,Sussex,1800,Green Twp,189,98,0
C. K-8 / 401 - 750,Sussex,2030,Hardyston Twp,1,234,140
C. K-8 / 401 - 750,Union,1710,Garwood Boro,164,143,200
C. K-8 / 401 - 750,Union,3470,Mountainside Boro,0,0,0
C. K-8 / 401 - 750,Warren,30,Allamuchy Twp,0,0,55
C. K-8 / 401 - 750,Warren,1785,Great Meadows Regional,76,77,0
C. K-8 / 401 - 750,Warren,1840,Greenwich Twp,0,0,0
C. K-8 / 401 - 750,Warren,2790,Lopatcong Twp,31,142,0
D. K-8 / 751 +,Statewide,N.A.,Group average: D. K-8 / 751+,137,142,163
D. K-8 / 751 +,Statewide,N.A.,Group median:  D. K-8 / 751+,103,123,96
D. K-8 / 751 +,Statewide,N.A.,State average:   All operating types,137,139,179
D. K-8 / 751 +,Statewide,N.A.,State median:    All operating types,108,117,104
D. K-8 / 751 +,Atlantic,10,Absecon City,213,43,118
D. K-8 / 751 +,Atlantic,1690,Galloway Twp,3,6,6
D. K-8 / 751 +,Atlantic,1940,Hamilton Twp,259,195,472
D. K-8 / 751 +,Atlantic,2680,Linwood City,167,5,52
D. K-8 / 751 +,Atlantic,3720,Northfield City,300,153,50
D. K-8 / 751 +,Bergen,40,Allendale Boro,327,18,287
D. K-8 / 751 +,Bergen,930,Closter Boro,103,68,20
D. K-8 / 751 +,Bergen,1070,Demarest Boro,428,15,0
D. K-8 / 751 +,Bergen,1230,East Rutherford Boro,28,44,0
D. K-8 / 751 +,Bergen,1470,Fairview Boro,240,0,225
D. K-8 / 751 +,Bergen,1580,Franklin Lakes Boro,25,206,56
D. K-8 / 751 +,Bergen,2180,Hillsdale Boro,37,317,0
D. K-8 / 751 +,Bergen,2710,Little Ferry Boro,299,390,1051
D. K-8 / 751 +,Bergen,3060,Maywood Boro,266,0,186
D. K-8 / 751 +,Bergen,3330,Montvale Boro,0,0,0
D. K-8 / 751 +,Bergen,3760,Oakland Boro,233,12,0
D. K-8 / 751 +,Bergen,4430,River Vale Twp,21,7,0
D. K-8 / 751 +,Bergen,5330,Upper Saddle River Boro,29,132,96
D. K-8 / 751 +,Bergen,5920,Wyckoff Twp,15,7,0
D. K-8 / 751 +,Burlington,1280,Edgewater Park Twp,79,17,0
D. K-8 / 751 +,Burlington,1420,Evesham Twp,40,43,15
D. K-8 / 751 +,Burlington,2850,Lumberton Twp,322,112,102
D. K-8 / 751 +,Burlington,3080,Medford Twp,221,304,128
D. K-8 / 751 +,Burlington,3430,Mount Holly Twp,186,94,166
D. K-8 / 751 +,Burlington,3440,Mount Laurel Twp,52,106,82
D. K-8 / 751 +,Burlington,5720,Westampton,0,0,64
D. K-8 / 751 +,Camden,260,Bellmawr Boro,81,0,93
D. K-8 / 751 +,Camden,330,Berlin Boro,98,121,0
D. K-8 / 751 +,Camden,1780,Gloucester Twp,83,38,285
D. K-8 / 751 +,Camden,4590,Runnemede Boro,374,456,277
D. K-8 / 751 +,Camden,5080,Stratford Boro,455,291,1043
D. K-8 / 751 +,Camden,5400,Voorhees Twp,228,204,0
D. K-8 / 751 +,Cape May,5340,Upper Twp,10,24,0
D. K-8 / 751 +,Cumberland,5300,Upper Deerfield Twp,38,124,0
D. K-8 / 751 +,Gloucester,2750,Logan Twp,0,2,0
D. K-8 / 751 +,Hudson,1850,Guttenberg Town,86,0,142
D. K-8 / 751 +,Hunterdon,920,Clinton Twp,92,846,162
D. K-8 / 751 +,Hunterdon,1510,Flemington-Raritan Reg,3,36,71
D. K-8 / 751 +,Hunterdon,4350,Readington Twp,178,404,94
D. K-8 / 751 +,Middlesex,3220,Milltown Boro,11,0,0
D. K-8 / 751 +,Monmouth,945,Colts Neck Twp,384,186,7
D. K-8 / 751 +,Monmouth,1260,Eatontown Boro,304,262,0
D. K-8 / 751 +,Monmouth,1440,Fair Haven Boro,0,0,0
D. K-8 / 751 +,Monmouth,1640,Freehold Boro,21,16,94
D. K-8 / 751 +,Monmouth,1660,Freehold Twp,186,40,60
D. K-8 / 751 +,Monmouth,2290,Howell Twp,22,132,256
D. K-8 / 751 +,Monmouth,2920,Manalapan-Englishtown Reg,129,166,139
D. K-8 / 751 +,Monmouth,3030,Marlboro Twp,468,135,39
D. K-8 / 751 +,Monmouth,3200,Millstone Twp,44,64,0
D. K-8 / 751 +,Monmouth,4360,Red Bank Boro,249,154,43
D. K-8 / 751 +,Monmouth,4570,Rumson Boro,136,72,0
D. K-8 / 751 +,Monmouth,5185,Tinton Falls,155,179,0
D. K-8 / 751 +,Morris,820,Chester Twp,97,181,44
D. K-8 / 751 +,Morris,1090,Denville Twp,129,79,167
D. K-8 / 751 +,Morris,1190,East Hanover Twp,86,225,184
D. K-8 / 751 +,Morris,1530,Florham Park Boro,25,66,67
D. K-8 / 751 +,Morris,2000,Hanover Twp,18,193,0
D. K-8 / 751 +,Morris,2650,Lincoln Park Boro,58,137,32
D. K-8 / 751 +,Morris,3100,Mendham Twp,66,53,0
D. K-8 / 751 +,Morris,4000,Long Hill Twp,150,90,0
D. K-8 / 751 +,Morris,4490,Rockaway Twp,101,237,109
D. K-8 / 751 +,Morris,5520,Washington Twp,36,98,13
D. K-8 / 751 +,Passaic,1920,Haledon Boro,103,1401,939
D. K-8 / 751 +,Passaic,2700,Little Falls Twp,138,17,0
D. K-8 / 751 +,Passaic,4270,Prospect Park Boro,32,3,417
D. K-8 / 751 +,Passaic,4400,Ringwood Boro,273,173,40
D. K-8 / 751 +,Passaic,5200,Totowa Boro,0,0,41
D. K-8 / 751 +,Passaic,5440,Wanaque Boro,35,0,0
D. K-8 / 751 +,Passaic,5690,Woodland Park,89,333,0
D. K-8 / 751 +,Somerset,510,Branchburg Twp,112,148,313
D. K-8 / 751 +,Somerset,5470,Warren Twp,182,154,199
D. K-8 / 751 +,Sussex,640,Byram Twp,405,0,0
D. K-8 / 751 +,Sussex,5100,Sussex-Wantage Regional,191,148,59
E. K-12 / 0 - 1800,Statewide,N.A.,Group average: E. K-12 / 0-1800,135,133,203
E. K-12 / 0 - 1800,Statewide,N.A.,Group median:  E. K-12 / 0-1800,108,64,96
E. K-12 / 0 - 1800,Statewide,N.A.,State average:   All operating types,137,139,179
E. K-12 / 0 - 1800,Statewide,N.A.,State median:    All operating types,108,117,104
E. K-12 / 0 - 1800,Atlantic,590,Buena Regional,299,56,86
E. K-12 / 0 - 1800,Bergen,440,Bogota Boro,174,360,252
E. K-12 / 0 - 1800,Bergen,990,Cresskill Boro,12,0,0
E. K-12 / 0 - 1800,Bergen,1360,Emerson Boro,148,52,0
E. K-12 / 0 - 1800,Bergen,2080,Hasbrouck Heights Boro,196,42,0
E. K-12 / 0 - 1800,Bergen,3170,Midland Park Boro,131,34,0
E. K-12 / 0 - 1800,Bergen,3910,Palisades Park,19,182,599
E. K-12 / 0 - 1800,Bergen,3940,Park Ridge Boro,39,64,7
E. K-12 / 0 - 1800,Bergen,4370,Ridgefield Boro,15,19,0
E. K-12 / 0 - 1800,Bergen,5410,Waldwick Boro,105,191,70
E. K-12 / 0 - 1800,Bergen,5430,Wallington Boro,223,74,514
E. K-12 / 0 - 1800,Bergen,5830,Wood-Ridge Boro,37,0,0
E. K-12 / 0 - 1800,Burlington,600,Burlington City,209,88,308
E. K-12 / 0 - 1800,Burlington,1520,Florence Twp,108,2,23
E. K-12 / 0 - 1800,Burlington,3920,Palmyra Boro,62,173,93
E. K-12 / 0 - 1800,Burlington,4450,Riverside Twp,143,42,428
E. K-12 / 0 - 1800,Camden,150,Audubon Public School District,7,9,54
E. K-12 / 0 - 1800,Camden,1880,Haddon Heights Boro,0,0,95
E. K-12 / 0 - 1800,Cape May,3780,Ocean City,56,113,232
E. K-12 / 0 - 1800,Cape May,5790,Wildwood City,25,71,247
E. K-12 / 0 - 1800,Essex,760,Cedar Grove Twp,151,8,7
E. K-12 / 0 - 1800,Essex,1750,Glen Ridge Boro,119,139,124
E. K-12 / 0 - 1800,Gloucester,860,Clayton Boro,400,63,414
E. K-12 / 0 - 1800,Gloucester,4020,Paulsboro Boro,20,29,463
E. K-12 / 0 - 1800,Gloucester,4140,Pitman Boro,123,244,255
E. K-12 / 0 - 1800,Gloucester,5860,Woodbury City,63,167,298
E. K-12 / 0 - 1800,Hudson,5580,Weehawken Twp,0,9,0
E. K-12 / 0 - 1800,Hunterdon,1376,South Hunterdon Regional School District,26,249,92
E. K-12 / 0 - 1800,Middlesex,1140,Dunellen Boro,42,19,89
E. K-12 / 0 - 1800,Middlesex,2150,Highland Park Boro,72,76,97
E. K-12 / 0 - 1800,Middlesex,4830,South Amboy City,2,29,96
E. K-12 / 0 - 1800,Middlesex,4970,Spotswood Boro,141,809,145
E. K-12 / 0 - 1800,Monmouth,100,Asbury Park City,368,26,286
E. K-12 / 0 - 1800,Monmouth,1456,Henry Hudson Regional School District,N.R.,N.R.,0
E. K-12 / 0 - 1800,Monmouth,2400,Keansburg Boro,N.R.,N.R.,11
E. K-12 / 0 - 1800,Monmouth,2430,Keyport Boro,35,44,76
E. K-12 / 0 - 1800,Monmouth,2930,Manasquan Boro,178,25,20
E. K-12 / 0 - 1800,Morris,450,Boonton Town,21,16,45
E. K-12 / 0 - 1800,Morris,630,Butler Boro,198,416,0
E. K-12 / 0 - 1800,Morris,2460,Kinnelon Boro,417,551,299
E. K-12 / 0 - 1800,Morris,3460,Mountain Lakes Boro,97,224,341
E. K-12 / 0 - 1800,Ocean,4190,Plumsted Twp,0,6,0
E. K-12 / 0 - 1800,Ocean,4220,Point Pleasant Beach Boro,0,141,3070
E. K-12 / 0 - 1800,Passaic,4230,Pompton Lakes Boro,288,170,156
E. K-12 / 0 - 1800,Salem,4150,Pittsgrove Twp,415,206,351
E. K-12 / 0 - 1800,Salem,4630,Salem City,0,6,21
E. K-12 / 0 - 1800,Salem,5910,Woodstown-Pilesgrove Reg,61,42,50
E. K-12 / 0 - 1800,Somerset,3000,Manville Boro,69,18,46
E. K-12 / 0 - 1800,Somerset,4815,Somerset Hills Regional,164,429,17
E. K-12 / 0 - 1800,Sussex,2240,Hopatcong,187,193,40
E. K-12 / 0 - 1800,Sussex,3590,Newton Town,48,115,13
E. K-12 / 0 - 1800,Union,2420,Kenilworth Boro,0,60,0
E. K-12 / 0 - 1800,Warren,280,Belvidere Town,138,22,16
F. K-12 / 1801 - 3500,Statewide,N.A.,Group average: F. K-12 / 1801-3500,147,155,134
F. K-12 / 1801 - 3500,Statewide,N.A.,Group median:  F. K-12 / 1801-3500,119,108,83
F. K-12 / 1801 - 3500,Statewide,N.A.,State average:   All operating types,137,139,179
F. K-12 / 1801 - 3500,Statewide,N.A.,State median:    All operating types,108,117,104
F. K-12 / 1801 - 3500,Atlantic,1960,Hammonton Town,119,205,81
F. K-12 / 1801 - 3500,Bergen,890,Cliffside Park Boro,97,34,171
F. K-12 / 1801 - 3500,Bergen,1130,Dumont Boro,3,0,3
F. K-12 / 1801 - 3500,Bergen,1345,Elmwood Park,19,54,0
F. K-12 / 1801 - 3500,Bergen,1370,Englewood City,120,181,0
F. K-12 / 1801 - 3500,Bergen,1760,Glen Rock Boro,204,80,0
F. K-12 / 1801 - 3500,Bergen,2620,Leonia Boro,188,79,126
F. K-12 / 1801 - 3500,Bergen,2740,Lodi Borough,193,175,150
F. K-12 / 1801 - 3500,Bergen,2860,Lyndhurst Twp,18,32,0
F. K-12 / 1801 - 3500,Bergen,2900,Mahwah Twp,64,85,63
F. K-12 / 1801 - 3500,Bergen,3550,New Milford Boro,284,131,33
F. K-12 / 1801 - 3500,Bergen,3600,North Arlington Boro,93,61,68
F. K-12 / 1801 - 3500,Bergen,4310,Ramsey Boro,253,19,0
F. K-12 / 1801 - 3500,Bergen,4380,Ridgefield Park Twp,181,63,47
F. K-12 / 1801 - 3500,Bergen,4600,Rutherford Boro,504,366,289
F. K-12 / 1801 - 3500,Bergen,4610,Saddle Brook Twp,37,142,49
F. K-12 / 1801 - 3500,Bergen,5160,Tenafly Boro,76,0,46
F. K-12 / 1801 - 3500,Bergen,5755,Westwood Regional,182,221,141
F. K-12 / 1801 - 3500,Burlington,475,Bordentown Regional,471,136,291
F. K-12 / 1801 - 3500,Burlington,840,Cinnaminson Twp,80,72,134
F. K-12 / 1801 - 3500,Burlington,1060,Delran Twp,49,0,0
F. K-12 / 1801 - 3500,Burlington,3010,Maple Shade Twp,25,157,166
F. K-12 / 1801 - 3500,Camden,940,Collingswood Boro,34,10,43
F. K-12 / 1801 - 3500,Camden,1770,Gloucester City,210,145,446
F. K-12 / 1801 - 3500,Camden,1890,Haddon Twp,56,48,110
F. K-12 / 1801 - 3500,Camden,1900,Haddonfield Boro,51,11,0
F. K-12 / 1801 - 3500,Camden,2670,Lindenwold Boro,187,85,354
F. K-12 / 1801 - 3500,Camden,4110,Pine Hill Boro,523,288,103
F. K-12 / 1801 - 3500,Cape May,3130,Middle Twp,0,19,219
F. K-12 / 1801 - 3500,Essex,660,Caldwell-West Caldwell,289,456,0
F. K-12 / 1801 - 3500,Essex,5370,Verona Boro,69,79,92
F. K-12 / 1801 - 3500,Gloucester,1730,Glassboro,466,609,314
F. K-12 / 1801 - 3500,Gloucester,5620,West Deptford Twp,276,89,97
F. K-12 / 1801 - 3500,Hudson,2060,Harrison Town,53,69,53
F. K-12 / 1801 - 3500,Hudson,2210,Hoboken City,46,20,74
F. K-12 / 1801 - 3500,Hudson,4730,Secaucus Town,57,79,54
F. K-12 / 1801 - 3500,Mercer,2280,Hopewell Valley Regional,90,105,67
F. K-12 / 1801 - 3500,Mercer,5510,Robbinsville Twp,123,524,50
F. K-12 / 1801 - 3500,Middlesex,3120,Metuchen Boro,44,63,0
F. K-12 / 1801 - 3500,Middlesex,3140,Middlesex Boro,10,134,17
F. K-12 / 1801 - 3500,Middlesex,4920,South River Boro,157,323,218
F. K-12 / 1801 - 3500,Monmouth,2105,Hazlet Twp,35,88,5
F. K-12 / 1801 - 3500,Monmouth,2230,Holmdel Twp,15,19,36
F. K-12 / 1801 - 3500,Monmouth,3510,Neptune Twp,10,4,0
F. K-12 / 1801 - 3500,Monmouth,3810,Ocean Twp,59,564,298
F. K-12 / 1801 - 3500,Monmouth,5310,Upper Freehold Regional,645,142,0
F. K-12 / 1801 - 3500,Monmouth,5420,Wall Twp,37,19,33
F. K-12 / 1801 - 3500,Morris,1110,Dover Town,211,126,298
F. K-12 / 1801 - 3500,Morris,2380,Jefferson Twp,236,148,0
F. K-12 / 1801 - 3500,Morris,2870,Madison Boro,128,138,83
F. K-12 / 1801 - 3500,Morris,3340,Montville Twp,37,154,1
F. K-12 / 1801 - 3500,Morris,4080,Pequannock Twp,215,59,0
F. K-12 / 1801 - 3500,Morris,4560,Roxbury Twp,156,209,94
F. K-12 / 1801 - 3500,Ocean,2940,Manchester Twp,371,372,78
F. K-12 / 1801 - 3500,Ocean,4210,Point Pleasant Boro,169,43,32
F. K-12 / 1801 - 3500,Passaic,2100,Hawthorne Boro,71,33,0
F. K-12 / 1801 - 3500,Passaic,5650,West Milford Twp,132,40,24
F. K-12 / 1801 - 3500,Salem,4070,Penns Grv-Carneys Pt Reg,297,310,119
F. K-12 / 1801 - 3500,Salem,4075,Pennsville,265,438,151
F. K-12 / 1801 - 3500,Somerset,490,Bound Brook Boro,34,272,447
F. K-12 / 1801 - 3500,Somerset,3670,North Plainfield Boro,312,420,645
F. K-12 / 1801 - 3500,Somerset,4820,Somerville Boro,154,407,33
F. K-12 / 1801 - 3500,Sussex,4960,Sparta Twp,52,7,0
F. K-12 / 1801 - 3500,Sussex,5360,Vernon Twp,93,6,0
F. K-12 / 1801 - 3500,Union,310,Berkeley Heights Twp,29,112,0
F. K-12 / 1801 - 3500,Union,850,Clark Twp,100,7,19
F. K-12 / 1801 - 3500,Union,2190,Hillside Twp,184,438,168
F. K-12 / 1801 - 3500,Union,3560,New Providence Boro,87,226,82
F. K-12 / 1801 - 3500,Union,4540,Roselle Boro,217,22,0
F. K-12 / 1801 - 3500,Union,4550,Roselle Park Boro,62,108,69
F. K-12 / 1801 - 3500,Union,5000,Springfield Twp,254,153,24
F. K-12 / 1801 - 3500,Warren,1870,Hackettstown,227,208,164
G. K-12 / 3501 +,Statewide,N.A.,Group average: G. K-12 / 3501+,116,105,167
G. K-12 / 3501 +,Statewide,N.A.,Group median:  G. K-12 / 3501+,92,84,61
G. K-12 / 3501 +,Statewide,N.A.,State average:   All operating types,137,139,179
G. K-12 / 3501 +,Statewide,N.A.,State median:    All operating types,108,117,104
G. K-12 / 3501 +,Atlantic,110,Atlantic City,312,256,273
G. K-12 / 3501 +,Atlantic,1310,Egg Harbor Twp,16,128,88
G. K-12 / 3501 +,Atlantic,4180,Pleasantville City,361,235,242
G. K-12 / 3501 +,Bergen,300,Bergenfield Boro,415,564,36
G. K-12 / 3501 +,Bergen,1450,Fair Lawn Public Schools,97,57,22
G. K-12 / 3501 +,Bergen,1550,Fort Lee Boro,38,13,59
G. K-12 / 3501 +,Bergen,1700,Garfield City,28,36,0
G. K-12 / 3501 +,Bergen,1860,Hackensack City,157,157,94
G. K-12 / 3501 +,Bergen,3930,Paramus Boro,610,134,124
G. K-12 / 3501 +,Bergen,4390,Ridgewood Village,138,89,0
G. K-12 / 3501 +,Bergen,5150,Teaneck Twp,130,49,3
G. K-12 / 3501 +,Burlington,620,Burlington Twp,308,711,81
G. K-12 / 3501 +,Burlington,3360,Moorestown Twp,16,7,0
G. K-12 / 3501 +,Burlington,4050,Pemberton Twp,147,228,200
G. K-12 / 3501 +,Burlington,5805,Willingboro Twp,252,148,422
G. K-12 / 3501 +,Camden,680,Camden City,67,236,239
G. K-12 / 3501 +,Camden,800,Cherry Hill Twp,337,191,147
G. K-12 / 3501 +,Camden,4060,Pennsauken Twp,122,279,317
G. K-12 / 3501 +,Camden,5820,Winslow Twp,98,171,257
G. K-12 / 3501 +,Cumberland,540,Bridgeton City,171,120,573
G. K-12 / 3501 +,Cumberland,3230,Millville City,59,62,87
G. K-12 / 3501 +,Cumberland,5390,Vineland City,47,106,46
G. K-12 / 3501 +,Essex,250,Belleville Town,193,211,0
G. K-12 / 3501 +,Essex,410,Bloomfield Twp,49,97,13
G. K-12 / 3501 +,Essex,1210,East Orange,39,140,0
G. K-12 / 3501 +,Essex,2330,Irvington Township,143,152,3777
G. K-12 / 3501 +,Essex,2730,Livingston Twp,28,24,21
G. K-12 / 3501 +,Essex,3190,Millburn Twp,131,71,15
G. K-12 / 3501 +,Essex,3310,Montclair Town,2,7,5
G. K-12 / 3501 +,Essex,3570,Newark City,86,97,490
G. K-12 / 3501 +,Essex,3750,Nutley Town,35,67,26
G. K-12 / 3501 +,Essex,3880,City Of Orange Twp,70,16,9
G. K-12 / 3501 +,Essex,4900,South Orange-Maplewood,2,18,0
G. K-12 / 3501 +,Essex,5680,West Orange Town,97,150,2
G. K-12 / 3501 +,Gloucester,1100,Deptford Twp,102,47,396
G. K-12 / 3501 +,Gloucester,3280,Monroe Twp,123,151,48
G. K-12 / 3501 +,Gloucester,5500,Washington Twp,14,29,35
G. K-12 / 3501 +,Hudson,220,Bayonne City,70,5,149
G. K-12 / 3501 +,Hudson,2390,Jersey City,34,48,50
G. K-12 / 3501 +,Hudson,2410,Kearny Town,67,47,71
G. K-12 / 3501 +,Hudson,3610,North Bergen Twp,69,44,166
G. K-12 / 3501 +,Hudson,5240,Union City,11,13,11
G. K-12 / 3501 +,Hudson,5670,West New York Schools,68,27,0
G. K-12 / 3501 +,Mercer,1245,East Windsor Regional,443,242,194
G. K-12 / 3501 +,Mercer,1430,Ewing Twp,52,12,0
G. K-12 / 3501 +,Mercer,1950,Hamilton Twp,7,8,1
G. K-12 / 3501 +,Mercer,2580,Lawrence Twp,74,134,0
G. K-12 / 3501 +,Mercer,4255,Princeton Public Schools,21,112,6
G. K-12 / 3501 +,Mercer,5210,Trenton Public School District,154,280,330
G. K-12 / 3501 +,Mercer,5715,W Windsor-Plainsboro Reg,57,52,0
G. K-12 / 3501 +,Middlesex,750,Carteret Boro,41,43,0
G. K-12 / 3501 +,Middlesex,1170,East Brunswick Twp,40,27,38
G. K-12 / 3501 +,Middlesex,1290,Edison Twp,108,32,29
G. K-12 / 3501 +,Middlesex,3290,Monroe Twp,15,7,0
G. K-12 / 3501 +,Middlesex,3530,New Brunswick City,178,161,147
G. K-12 / 3501 +,Middlesex,3620,North Brunswick Twp,390,378,229
G. K-12 / 3501 +,Middlesex,3845,Old Bridge Twp,33,61,0
G. K-12 / 3501 +,Middlesex,4090,Perth Amboy City,444,294,73
G. K-12 / 3501 +,Middlesex,4130,Piscataway Twp,160,146,468
G. K-12 / 3501 +,Middlesex,4660,Sayreville Boro,29,76,233
G. K-12 / 3501 +,Middlesex,4860,South Brunswick Twp,56,30,22
G. K-12 / 3501 +,Middlesex,4910,South Plainfield Boro,423,17,0
G. K-12 / 3501 +,Middlesex,5850,Woodbridge Twp,32,79,106
G. K-12 / 3501 +,Monmouth,2770,Long Branch City,141,178,135
G. K-12 / 3501 +,Monmouth,3040,Matawan-Aberdeen Regional,101,16,11
G. K-12 / 3501 +,Monmouth,3160,Middletown Twp,35,57,22
G. K-12 / 3501 +,Morris,785,Sch Dist Of The Chathams,40,91,112
G. K-12 / 3501 +,Morris,3385,Morris School District,782,237,44
G. K-12 / 3501 +,Morris,3450,Mount Olive Twp,137,272,283
G. K-12 / 3501 +,Morris,3950,Parsippany-Troy Hills Twp,101,103,52
G. K-12 / 3501 +,Morris,4330,Randolph Twp,181,167,6
G. K-12 / 3501 +,Ocean,185,Barnegat Twp,14,46,0
G. K-12 / 3501 +,Ocean,530,Brick Twp,50,55,1
G. K-12 / 3501 +,Ocean,2360,Jackson Twp,198,167,49
G. K-12 / 3501 +,Ocean,2480,Lacey Twp,181,39,17
G. K-12 / 3501 +,Ocean,2520,Lakewood Twp,35,35,132
G. K-12 / 3501 +,Ocean,5190,Toms River Regional,15,10,14
G. K-12 / 3501 +,Passaic,900,Clifton City,99,91,72
G. K-12 / 3501 +,Passaic,3970,Passaic City,115,96,30
G. K-12 / 3501 +,Passaic,4010,Paterson City,25,38,21
G. K-12 / 3501 +,Passaic,5570,Wayne Twp,45,16,0
G. K-12 / 3501 +,Somerset,350,Bernards Twp,158,59,61
G. K-12 / 3501 +,Somerset,555,Bridgewater-Raritan Reg,224,134,60
G. K-12 / 3501 +,Somerset,1610,Franklin Twp,20,22,15
G. K-12 / 3501 +,Somerset,2170,Hillsborough Twp,5,38,2
G. K-12 / 3501 +,Somerset,3320,Montgomery Twp,61,71,107
G. K-12 / 3501 +,Union,980,Cranford Twp,66,61,0
G. K-12 / 3501 +,Union,1320,Elizabeth City,269,165,4
G. K-12 / 3501 +,Union,2660,Linden City,66,163,95
G. K-12 / 3501 +,Union,4160,Plainfield City,155,161,201
G. K-12 / 3501 +,Union,4290,Rahway City,97,121,760
G. K-12 / 3501 +,Union,4670,Scotch Plains-Fanwood Reg,152,89,0
G. K-12 / 3501 +,Union,5090,Summit City,148,23,9
G. K-12 / 3501 +,Union,5290,Union Twp,133,124,77
G. K-12 / 3501 +,Union,5730,Westfield Town,78,251,34
G. K-12 / 3501 +,Warren,4100,Phillipsburg Town,119,42,0
H. 7-12 / 9-12,Statewide,N.A.,Group average: H. 7-12 / 9-12,200,243,207
H. 7-12 / 9-12,Statewide,N.A.,Group median:  H. 7-12 / 9-12,188,211,165
H. 7-12 / 9-12,Statewide,N.A.,State average:   All operating types,137,139,179
H. 7-12 / 9-12,Statewide,N.A.,State median:    All operating types,108,117,104
H. 7-12 / 9-12,Atlantic,1790,Greater Egg Harbor Reg,50,16,0
H. 7-12 / 9-12,Atlantic,2910,Mainland Regional,342,173,0
H. 7-12 / 9-12,Bergen,745,Carlstadt-East Rutherford,488,251,0
H. 7-12 / 9-12,Bergen,3700,Northern Highlands Regional High School,1124,632,762
H. 7-12 / 9-12,Bergen,3710,Northern Valley Regional,82,113,0
H. 7-12 / 9-12,Bergen,3960,Pascack Valley Regional,212,208,0
H. 7-12 / 9-12,Bergen,4300,Ramapo-Indian Hill Reg,81,87,27
H. 7-12 / 9-12,Bergen,4405,River Dell Regional,125,18,0
H. 7-12 / 9-12,Burlington,2610,Lenape Regional,239,238,134
H. 7-12 / 9-12,Burlington,3690,Northern Burlington Reg,94,213,0
H. 7-12 / 9-12,Burlington,4320,Rancocas Valley Regional,34,0,0
H. 7-12 / 9-12,Camden,390,Black Horse Pike Regional,222,356,77
H. 7-12 / 9-12,Camden,1255,Eastern Camden County Reg,309,256,129
H. 7-12 / 9-12,Camden,5035,Sterling High School Dist,0,33,194
H. 7-12 / 9-12,Cape May,2820,Lower Cape May Regional,480,1603,352
H. 7-12 / 9-12,Cumberland,997,Cumberland Regional,237,237,286
H. 7-12 / 9-12,Essex,5630,West Essex Regional,0,0,0
H. 7-12 / 9-12,Gloucester,870,Clearview Regional,119,372,256
H. 7-12 / 9-12,Gloucester,1715,Gateway Regional,251,300,434
H. 7-12 / 9-12,Gloucester,2440,Kingsway Regional,30,17,18
H. 7-12 / 9-12,Gloucester,4940,Delsea Regional H.S Dist.,17,102,93
H. 7-12 / 9-12,Hunterdon,1050,Delaware Valley Regional,252,140,0
H. 7-12 / 9-12,Hunterdon,2300,Hunterdon Central Reg,114,362,212
H. 7-12 / 9-12,Hunterdon,3660,North Hunterdon-Voorhees Regional High S,48,154,68
H. 7-12 / 9-12,Monmouth,1650,Freehold Regional,17,17,74
H. 7-12 / 9-12,Monmouth,2120,Henry Hudson Regional,33,83,N.R.
H. 7-12 / 9-12,Monmouth,3270,Monmouth Regional,344,511,364
H. 7-12 / 9-12,Monmouth,4365,Red Bank Regional,622,108,27
H. 7-12 / 9-12,Monmouth,4580,Rumson-Fair Haven Reg,3,91,36
H. 7-12 / 9-12,Monmouth,4760,Shore Regional,201,812,481
H. 7-12 / 9-12,Morris,1990,Hanover Park Regional,579,364,541
H. 7-12 / 9-12,Morris,3370,Morris Hills Regional,251,409,0
H. 7-12 / 9-12,Morris,5660,West Morris Regional,252,444,813
H. 7-12 / 9-12,Ocean,770,Central Regional,614,764,444
H. 7-12 / 9-12,Ocean,4105,Pinelands Regional,418,383,52
H. 7-12 / 9-12,Ocean,4950,Southern Regional,367,538,379
H. 7-12 / 9-12,Passaic,2510,Lakeland Regional,94,0,68
H. 7-12 / 9-12,Passaic,3980,Passaic Co Manchester Reg,115,697,791
H. 7-12 / 9-12,Passaic,3990,Passaic Valley Regional,188,20,470
H. 7-12 / 9-12,Somerset,5550,Watchung Hills Regional,83,3,0
H. 7-12 / 9-12,Sussex,2165,High Point Regional,55,135,0
H. 7-12 / 9-12,Sussex,2465,Kittatinny Regional,86,45,0
H. 7-12 / 9-12,Sussex,2615,Lenape Valley Regional,611,314,0
H. 7-12 / 9-12,Sussex,5435,Wallkill Valley Regional,171,9,28
H. 7-12 / 9-12,Warren,3675,North Warren Regional,0,0,135
H. 7-12 / 9-12,Warren,5465,Warren Hills Regional,71,18,7
I. CSSD,Statewide,N.A.,Group average: I. CSSD,506,895,709
I. CSSD,Statewide,N.A.,Group median:  I. CSSD,369,465,565
I. CSSD,Statewide,N.A.,State average:   All operating types,137,139,179
I. CSSD,Statewide,N.A.,State median:    All operating types,108,117,104
I. CSSD,Atlantic,125,Atlantic Co Special Serv,560,465,0
I. CSSD,Bergen,285,Bergen Co Special Service,962,1404,0
I. CSSD,Burlington,605,Burlington Co Spec Serv,369,1817,492
I. CSSD,Cape May,715,Cape May Co Special Serv,987,114,1684
I. CSSD,Gloucester,1774,Gloucester Co Spec Serv,319,346,619
I. CSSD,Mercer,3103,Mercer County Special Services School Di,76,690,511
I. CSSD,Salem,4635,Salem Co Special Service,310,370,0
J. County Voc,Statewide,N.A.,Group average: J. County Voc,214,385,235
J. County Voc,Statewide,N.A.,Group median:  J. County Voc,125,228,55
J. County Voc,Statewide,N.A.,State average:   All operating types,137,139,179
J. County Voc,Statewide,N.A.,State median:    All operating types,108,117,104
J. County Voc,Atlantic,120,Atlantic Co Vocational,69,325,0
J. County Voc,Bergen,290,Bergen County Vocational Technical Schoo,488,306,0
J. County Voc,Burlington,610,Burlington Co Vocational,255,117,9
J. County Voc,Camden,700,Camden County Vocational,151,286,386
J. County Voc,Cape May,720,Cape May County Vocational School Distri,6,92,0
J. County Voc,Cumberland,995,Cumberland Co Vocational,1467,688,1766
J. County Voc,Essex,1390,Essex Co Voc-Tech,0,0,6
J. County Voc,Gloucester,1775,Gloucester Co Vocational,152,596,71
J. County Voc,Hudson,2295,Hudson County Vocational,0,0,0
J. County Voc,Hunterdon,2308,Hunterdon Co Vocational,17,7,21
J. County Voc,Mercer,3105,Mercer County Vocational,290,278,443
J. County Voc,Middlesex,3150,Middlesex Co Vocational,14,0,0
J. County Voc,Monmouth,3260,Monmouth Co Vocational,13,49,372
J. County Voc,Morris,3365,Morris County Vocational,64,228,33
J. County Voc,Ocean,3790,Ocean County Vocational,125,126,55
J. County Voc,Passaic,3995,Passaic County Vocational,214,998,171
J. County Voc,Salem,4640,Salem County Vocational,51,0,17
J. County Voc,Somerset,4810,Somerset Co Vocational,142,14,19
J. County Voc,Sussex,5110,Sussex County Vocational,0,0,0
J. County Voc,Union,5260,Union County Vocational,0,223,0
J. County Voc,Warren,5460,Warren County Vocational,74,0,0
K. Charter/Ren,Statewide,N.A.,Group average: K. Charter/Renaissance,152,149,398
K. Charter/Ren,Statewide,N.A.,Group median:  K. Charter/Renaissance,67,76,130
K. Charter/Ren,Statewide,N.A.,State average:   All operating types,137,139,179
K. Charter/Ren,Statewide,N.A.,State median:    All operating types,108,117,104
K. Charter/Ren,Atlantic,6060,Atlantic Community Charter School,0,148,57
K. Charter/Ren,Atlantic,6104,Principle Academy Charter School,77,23,46
K. Charter/Ren,Atlantic,7410,Charter~tech High School,108,229,429
K. Charter/Ren,Bergen,6013,Bergen Arts And Sciences Charter School,69,70,39
K. Charter/Ren,Bergen,6430,Englewood On The Palisades Charter Schoo,0,12,45
K. Charter/Ren,Bergen,7890,Teaneck Community Cs,205,39,456
K. Charter/Ren,Burlington,6026,Riverbank Charter School Of Excelle,0,0,0
K. Charter/Ren,Burlington,6076,Benjamin Banneker Prep Cs,0,0,0
K. Charter/Ren,Camden,1799,Kipp Cooper Norcross,210,0,82
K. Charter/Ren,Camden,1801,Camden Prep,137,57,0
K. Charter/Ren,Camden,1802,Mastery Schools Of Camden,0,0,477
K. Charter/Ren,Camden,6086,Hope Community Cs,0,0,0
K. Charter/Ren,Camden,6107,Camden’s Promise Charter School,110,23,580
K. Charter/Ren,Camden,7109,Leap Academy University Cs,153,398,121
K. Charter/Ren,Cumberland,6028,Vineland Public Charter School,43,51,0
K. Charter/Ren,Cumberland,6069,Millville Public Charter School,0,0,256
K. Charter/Ren,Cumberland,6089,Compass Academy Cs,0,0,0
K. Charter/Ren,Cumberland,6100,Bridgeton Public Charter School,0,0,0
K. Charter/Ren,Essex,6020,Pride Academy Charter School,62,0,0
K. Charter/Ren,Essex,6022,Burch Charter School Of Excellence,0,0,0
K. Charter/Ren,Essex,6029,Newark Educators Community Charter Schoo,0,0,0
K. Charter/Ren,Essex,6053,Great Oaks Legacy Charter School,0,0,0
K. Charter/Ren,Essex,6058,Roseville Community Cs,0,0,0
K. Charter/Ren,Essex,6094,Phillip's Academy Charter School,0,0,0
K. Charter/Ren,Essex,6099,Link Community Charter School,116,274,50
K. Charter/Ren,Essex,6109,Lead Charter School,0,0,0
K. Charter/Ren,Essex,6320,Discovery Cs,0,0,0
K. Charter/Ren,Essex,6410,East Orange Community Cs,0,0,0
K. Charter/Ren,Essex,6665,Gray Cs,0,0,0
K. Charter/Ren,Essex,7021,People's Achieve Community Charter Schoo,N.R.,32,0
K. Charter/Ren,Essex,7210,Marion P. Thomas Cs,4,7,0
K. Charter/Ren,Essex,7290,New Horizons Comm. Cs,209,404,1404
K. Charter/Ren,Essex,7320,North Star Academy Charter School,304,181,0
K. Charter/Ren,Essex,7325,Team Academy Charter School,35,0,819
K. Charter/Ren,Essex,7730,Robert Treat Academy Cs,0,0,53
K. Charter/Ren,Essex,7735,Maria L. Varisco-Rogers Cs,0,79,85
K. Charter/Ren,Hudson,6030,The Ethical Community Charter School,0,0,0
K. Charter/Ren,Hudson,6036,Hola Hoboken Dual Lang Cs,0,0,0
K. Charter/Ren,Hudson,6064,Dr Lena Edwards Academic Charter School,0,0,130
K. Charter/Ren,Hudson,6082,Beloved Community Charter School,499,121,251
K. Charter/Ren,Hudson,6093,Jersey City Global Cs,226,163,72
K. Charter/Ren,Hudson,6103,Empowerment Academy Charter School,232,742,394
K. Charter/Ren,Hudson,6105,Hudson Arts And Science  Charter School,179,55,64
K. Charter/Ren,Hudson,6420,Elysian Cs Of Hoboken,0,0,0
K. Charter/Ren,Hudson,6720,Hoboken Cs,0,0,0
K. Charter/Ren,Hudson,6910,Jersey City Comm. Cs,30,76,322
K. Charter/Ren,Hudson,6915,Jersey City Golden Door Charter School,160,170,4186
K. Charter/Ren,Hudson,7115,Learning Community Cs,5,66,316
K. Charter/Ren,Hudson,7830,Soaring Heights Cs,0,0,355
K. Charter/Ren,Hudson,7898,Kindle Education Public Charter School,N.R.,0,3
K. Charter/Ren,Hudson,8060,University Academy Cs,47,2,700
K. Charter/Ren,Mercer,6017,Foundation Academy Cs,0,0,0
K. Charter/Ren,Mercer,6025,Paul Robeson Humanities  Charter School,0,0,69
K. Charter/Ren,Mercer,6183,Trenton Stem-To-Civics Cs,0,0,0
K. Charter/Ren,Mercer,6810,International Charter School,0,228,0
K. Charter/Ren,Mercer,7500,Pace Cs Of Hamilton,0,0,0
K. Charter/Ren,Mercer,7540,Princeton Cs,3,0,0
K. Charter/Ren,Mercer,7895,Achievers Early College Prep Charter Sch,0,0,0
K. Charter/Ren,Mercer,7902,Mccorristin Charter School District,N.R.,N.R.,0
K. Charter/Ren,Mercer,8140,Village Cs,1837,0,0
K. Charter/Ren,Middlesex,6032,Academy For Urban Leadership Charter Sch,11,254,0
K. Charter/Ren,Middlesex,6041,Hatikvah International Cs,0,79,92
K. Charter/Ren,Middlesex,6635,Greater Brunswick Cs,0,0,0
K. Charter/Ren,Middlesex,7896,Middlesex Charter School,4,0,275
K. Charter/Ren,Monmouth,6010,Academy Charter High School,65,0,54
K. Charter/Ren,Monmouth,6740,Hope Academy Cs,44,79,68
K. Charter/Ren,Monmouth,7720,The Red Bank Cs,8,98,89
K. Charter/Ren,Monmouth,7891,College Achieve Greater Asbury Park Char,12,20,0
K. Charter/Ren,Morris,8050,Unity Cs,46,0,0
K. Charter/Ren,Ocean,7893,Ocean Academy Charter School,0,54,1634
K. Charter/Ren,Passaic,6021,Community Charter School Of Paterso,0,0,0
K. Charter/Ren,Passaic,6079,John P Holland Charter School,172,254,0
K. Charter/Ren,Passaic,6080,Passaic Arts And Science Charter School,77,140,263
K. Charter/Ren,Passaic,6096,Paterson Arts And Science Charter School,107,64,167
K. Charter/Ren,Passaic,6106,Philip’s Charter School Of Paterson,0,1067,0
K. Charter/Ren,Passaic,6230,Classical Academy Charter School Of Clif,17,17,0
K. Charter/Ren,Passaic,7503,Paterson Cs For Sci/Tech,54,65,14
K. Charter/Ren,Passaic,7892,College Achieve Paterson Charter School,10,63,122
K. Charter/Ren,Passaic,7899,Brilla New Jersey Charter School,N.R.,0,0
K. Charter/Ren,Salem,7897,Creativity Colaboratory Charter School,38,0,0
K. Charter/Ren,Somerset,6018,Central Jersey College Prep Charter Scho,0,0,113
K. Charter/Ren,Somerset,6081,Thomas Edison Energysmart Charter School,0,0,0
K. Charter/Ren,Sussex,7850,Sussex County Technology Charter School,0,0,875
K. Charter/Ren,Union,6033,The Barack Obama Green Charter High Scho,0,0,0
K. Charter/Ren,Union,6101,College Achieve Central Charter School,0,22,26
K. Charter/Ren,Union,6102,Cresthaven Academy Charter School,33,40,161
K. Charter/Ren,Union,7600,Queen City Academy Cs,0,0,0
K. Charter/Ren,Union,8010,Union County Teams Cs,0,0,0
K. Charter/Ren,Warren,7727,Ridge And Valley Cs,818,619,207
