GROUP,CONAME,COCODE,DIST,DISTNAME
B. K-8 / 0 - 400,Atlantic,01,570,Brigantine City
B. K-8 / 0 - 400,Atlantic,01,1410,Estell Manor City
B. K-8 / 0 - 400,Atlantic,01,1540,Folsom Boro
B. K-8 / 0 - 400,Atlantic,01,3020,Margate City
B. K-8 / 0 - 400,Atlantic,01,4240,Port Republic City
B. K-8 / 0 - 400,Atlantic,01,5760,Weymouth Twp
C. K-8 / 401 - 750,Atlantic,01,1300,Egg Harbor City
C. K-8 / 401 - 750,Atlantic,01,3480,Mullica Twp
C. K-8 / 401 - 750,Atlantic,01,4800,Somers Point City
C. K-8 / 401 - 750,Atlantic,01,5350,Ventnor City
D. K-8 / 751 +,Atlantic,01,10,Absecon City
D. K-8 / 751 +,Atlantic,01,1690,Galloway Twp
D. K-8 / 751 +,Atlantic,01,1940,Hamilton Twp
D. K-8 / 751 +,Atlantic,01,2680,Linwood City
D. K-8 / 751 +,Atlantic,01,3720,Northfield City
E. K-12 / 0 - 1800,Atlantic,01,590,Buena Regional
F. K-12 / 1801 - 3500,Atlantic,01,1960,Hammonton Town
G. K-12 / 3501 +,Atlantic,01,110,Atlantic City
G. K-12 / 3501 +,Atlantic,01,1310,Egg Harbor Twp
G. K-12 / 3501 +,Atlantic,01,4180,Pleasantville City
H. 7-12 / 9-12,Atlantic,01,1790,Greater Egg Harbor Reg
H. 7-12 / 9-12,Atlantic,01,2910,Mainland Regional
I. CSSD,Atlantic,01,125,Atlantic Co Special Serv
J. County Voc,Atlantic,01,120,Atlantic Co Vocational
K. Charter/Ren,Atlantic,01,6060,Atlantic Community Charter School
K. Charter/Ren,Atlantic,01,6104,Principle Academy Charter School
K. Charter/Ren,Atlantic,01,7410,Charter~tech High School
A. K-6,Bergen,03,1270,Edgewater Boro
A. K-6,Bergen,03,3870,Oradell Boro
A. K-6,Bergen,03,4410,River Edge Boro
A. K-6,Bergen,03,4620,Saddle River School District
B. K-8 / 0 - 400,Bergen,03,80,Alpine Boro
B. K-8 / 0 - 400,Bergen,03,3350,Moonachie Boro
B. K-8 / 0 - 400,Bergen,03,4870,South Hackensack Twp
C. K-8 / 401 - 750,Bergen,03,740,Carlstadt Boro
C. K-8 / 401 - 750,Bergen,03,1380,Englewood Cliffs Boro
C. K-8 / 401 - 750,Bergen,03,2050,Harrington Park Boro
C. K-8 / 401 - 750,Bergen,03,2090,Haworth Boro
C. K-8 / 401 - 750,Bergen,03,2200,Ho Ho Kus Boro
C. K-8 / 401 - 750,Bergen,03,3730,Northvale Boro
C. K-8 / 401 - 750,Bergen,03,3740,Norwood Boro
C. K-8 / 401 - 750,Bergen,03,3850,Old Tappan Boro
C. K-8 / 401 - 750,Bergen,03,4470,Rochelle Park Twp
C. K-8 / 401 - 750,Bergen,03,5880,Woodcliff Lake Boro
D. K-8 / 751 +,Bergen,03,40,Allendale Boro
D. K-8 / 751 +,Bergen,03,930,Closter Boro
D. K-8 / 751 +,Bergen,03,1070,Demarest Boro
D. K-8 / 751 +,Bergen,03,1230,East Rutherford Boro
D. K-8 / 751 +,Bergen,03,1470,Fairview Boro
D. K-8 / 751 +,Bergen,03,1580,Franklin Lakes Boro
D. K-8 / 751 +,Bergen,03,2180,Hillsdale Boro
D. K-8 / 751 +,Bergen,03,2710,Little Ferry Boro
D. K-8 / 751 +,Bergen,03,3060,Maywood Boro
D. K-8 / 751 +,Bergen,03,3330,Montvale Boro
D. K-8 / 751 +,Bergen,03,3760,Oakland Boro
D. K-8 / 751 +,Bergen,03,4430,River Vale Twp
D. K-8 / 751 +,Bergen,03,5330,Upper Saddle River Boro
D. K-8 / 751 +,Bergen,03,5920,Wyckoff Twp
E. K-12 / 0 - 1800,Bergen,03,440,Bogota Boro
E. K-12 / 0 - 1800,Bergen,03,990,Cresskill Boro
E. K-12 / 0 - 1800,Bergen,03,1360,Emerson Boro
E. K-12 / 0 - 1800,Bergen,03,2080,Hasbrouck Heights Boro
E. K-12 / 0 - 1800,Bergen,03,3170,Midland Park Boro
E. K-12 / 0 - 1800,Bergen,03,3910,Palisades Park
E. K-12 / 0 - 1800,Bergen,03,3940,Park Ridge Boro
E. K-12 / 0 - 1800,Bergen,03,4370,Ridgefield Boro
E. K-12 / 0 - 1800,Bergen,03,5410,Waldwick Boro
E. K-12 / 0 - 1800,Bergen,03,5430,Wallington Boro
E. K-12 / 0 - 1800,Bergen,03,5830,Wood-Ridge Boro
F. K-12 / 1801 - 3500,Bergen,03,890,Cliffside Park Boro
F. K-12 / 1801 - 3500,Bergen,03,1130,Dumont Boro
F. K-12 / 1801 - 3500,Bergen,03,1345,Elmwood Park
F. K-12 / 1801 - 3500,Bergen,03,1370,Englewood City
F. K-12 / 1801 - 3500,Bergen,03,1760,Glen Rock Boro
F. K-12 / 1801 - 3500,Bergen,03,2620,Leonia Boro
F. K-12 / 1801 - 3500,Bergen,03,2740,Lodi Borough
F. K-12 / 1801 - 3500,Bergen,03,2860,Lyndhurst Twp
F. K-12 / 1801 - 3500,Bergen,03,2900,Mahwah Twp
F. K-12 / 1801 - 3500,Bergen,03,3550,New Milford Boro
F. K-12 / 1801 - 3500,Bergen,03,3600,North Arlington Boro
F. K-12 / 1801 - 3500,Bergen,03,4310,Ramsey Boro
F. K-12 / 1801 - 3500,Bergen,03,4380,Ridgefield Park Twp
F. K-12 / 1801 - 3500,Bergen,03,4600,Rutherford Boro
F. K-12 / 1801 - 3500,Bergen,03,4610,Saddle Brook Twp
F. K-12 / 1801 - 3500,Bergen,03,5160,Tenafly Boro
F. K-12 / 1801 - 3500,Bergen,03,5755,Westwood Regional
G. K-12 / 3501 +,Bergen,03,300,Bergenfield Boro
G. K-12 / 3501 +,Bergen,03,1450,Fair Lawn Public Schools
G. K-12 / 3501 +,Bergen,03,1550,Fort Lee Boro
G. K-12 / 3501 +,Bergen,03,1700,Garfield City
G. K-12 / 3501 +,Bergen,03,1860,Hackensack City
G. K-12 / 3501 +,Bergen,03,3930,Paramus Boro
G. K-12 / 3501 +,Bergen,03,4390,Ridgewood Village
G. K-12 / 3501 +,Bergen,03,5150,Teaneck Twp
H. 7-12 / 9-12,Bergen,03,745,Carlstadt-East Rutherford
H. 7-12 / 9-12,Bergen,03,3700,Northern Highlands Regional High School
H. 7-12 / 9-12,Bergen,03,3710,Northern Valley Regional
H. 7-12 / 9-12,Bergen,03,3960,Pascack Valley Regional
H. 7-12 / 9-12,Bergen,03,4300,Ramapo-Indian Hill Reg
H. 7-12 / 9-12,Bergen,03,4405,River Dell Regional
I. CSSD,Bergen,03,285,Bergen Co Special Service
J. County Voc,Bergen,03,290,Bergen County Vocational Technical Schoo
K. Charter/Ren,Bergen,03,6013,Bergen Arts And Sciences Charter School
K. Charter/Ren,Bergen,03,6430,Englewood On The Palisades Charter Schoo
K. Charter/Ren,Bergen,03,7890,Teaneck Community Cs
A. K-6,Burlington,05,830,Chesterfield Twp
A. K-6,Burlington,05,2960,Mansfield Twp
A. K-6,Burlington,05,3650,North Hanover Twp
A. K-6,Burlington,05,5010,Springfield Twp
B. K-8 / 0 - 400,Burlington,05,380,Beverly City
B. K-8 / 0 - 400,Burlington,05,1030,Delanco Twp
B. K-8 / 0 - 400,Burlington,05,3540,New Hanover Twp
B. K-8 / 0 - 400,Burlington,05,4460,Riverton
B. K-8 / 0 - 400,Burlington,05,5890,Woodland Twp
C. K-8 / 401 - 750,Burlington,05,1250,Eastampton Twp
C. K-8 / 401 - 750,Burlington,05,1910,Hainesport Twp
C. K-8 / 401 - 750,Burlington,05,3070,Medford Lakes Boro
C. K-8 / 401 - 750,Burlington,05,4740,Shamong Twp
C. K-8 / 401 - 750,Burlington,05,4930,Southampton Township School District
C. K-8 / 401 - 750,Burlington,05,5130,Tabernacle Twp
D. K-8 / 751 +,Burlington,05,1280,Edgewater Park Twp
D. K-8 / 751 +,Burlington,05,1420,Evesham Twp
D. K-8 / 751 +,Burlington,05,2850,Lumberton Twp
D. K-8 / 751 +,Burlington,05,3080,Medford Twp
D. K-8 / 751 +,Burlington,05,3430,Mount Holly Twp
D. K-8 / 751 +,Burlington,05,3440,Mount Laurel Twp
D. K-8 / 751 +,Burlington,05,5720,Westampton
E. K-12 / 0 - 1800,Burlington,05,600,Burlington City
E. K-12 / 0 - 1800,Burlington,05,1520,Florence Twp
E. K-12 / 0 - 1800,Burlington,05,3920,Palmyra Boro
E. K-12 / 0 - 1800,Burlington,05,4450,Riverside Twp
F. K-12 / 1801 - 3500,Burlington,05,475,Bordentown Regional
F. K-12 / 1801 - 3500,Burlington,05,840,Cinnaminson Twp
F. K-12 / 1801 - 3500,Burlington,05,1060,Delran Twp
F. K-12 / 1801 - 3500,Burlington,05,3010,Maple Shade Twp
G. K-12 / 3501 +,Burlington,05,620,Burlington Twp
G. K-12 / 3501 +,Burlington,05,3360,Moorestown Twp
G. K-12 / 3501 +,Burlington,05,4050,Pemberton Twp
G. K-12 / 3501 +,Burlington,05,5805,Willingboro Twp
H. 7-12 / 9-12,Burlington,05,2610,Lenape Regional
H. 7-12 / 9-12,Burlington,05,3690,Northern Burlington Reg
H. 7-12 / 9-12,Burlington,05,4320,Rancocas Valley Regional
I. CSSD,Burlington,05,605,Burlington Co Spec Serv
J. County Voc,Burlington,05,610,Burlington Co Vocational
K. Charter/Ren,Burlington,05,6026,Riverbank Charter School Of Excelle
K. Charter/Ren,Burlington,05,6076,Benjamin Banneker Prep Cs
A. K-6,Camden,07,2540,Laurel Springs Boro
A. K-6,Camden,07,3770,Oaklyn Boro
A. K-6,Camden,07,5560,Waterford Twp
B. K-8 / 0 - 400,Camden,07,580,Brooklawn Boro
B. K-8 / 0 - 400,Camden,07,1720,Gibbsboro Boro
B. K-8 / 0 - 400,Camden,07,2560,Lawnside Boro
B. K-8 / 0 - 400,Camden,07,2890,Magnolia Boro
B. K-8 / 0 - 400,Camden,07,3110,Merchantville Boro
C. K-8 / 401 - 750,Camden,07,190,Barrington Boro
C. K-8 / 401 - 750,Camden,07,340,Berlin Twp
C. K-8 / 401 - 750,Camden,07,880,Clementon Boro
C. K-8 / 401 - 750,Camden,07,3420,Mount Ephraim Boro
C. K-8 / 401 - 750,Camden,07,4790,Somerdale Boro
C. K-8 / 401 - 750,Camden,07,5900,Woodlynne Boro
D. K-8 / 751 +,Camden,07,260,Bellmawr Boro
D. K-8 / 751 +,Camden,07,330,Berlin Boro
D. K-8 / 751 +,Camden,07,1780,Gloucester Twp
D. K-8 / 751 +,Camden,07,4590,Runnemede Boro
D. K-8 / 751 +,Camden,07,5080,Stratford Boro
D. K-8 / 751 +,Camden,07,5400,Voorhees Twp
E. K-12 / 0 - 1800,Camden,07,150,Audubon Public School District
E. K-12 / 0 - 1800,Camden,07,1880,Haddon Heights Boro
F. K-12 / 1801 - 3500,Camden,07,940,Collingswood Boro
F. K-12 / 1801 - 3500,Camden,07,1770,Gloucester City
F. K-12 / 1801 - 3500,Camden,07,1890,Haddon Twp
F. K-12 / 1801 - 3500,Camden,07,1900,Haddonfield Boro
F. K-12 / 1801 - 3500,Camden,07,2670,Lindenwold Boro
F. K-12 / 1801 - 3500,Camden,07,4110,Pine Hill Boro
G. K-12 / 3501 +,Camden,07,680,Camden City
G. K-12 / 3501 +,Camden,07,800,Cherry Hill Twp
G. K-12 / 3501 +,Camden,07,4060,Pennsauken Twp
G. K-12 / 3501 +,Camden,07,5820,Winslow Twp
H. 7-12 / 9-12,Camden,07,390,Black Horse Pike Regional
H. 7-12 / 9-12,Camden,07,1255,Eastern Camden County Reg
H. 7-12 / 9-12,Camden,07,5035,Sterling High School Dist
J. County Voc,Camden,07,700,Camden County Vocational
K. Charter/Ren,Camden,07,1799,Kipp Cooper Norcross
K. Charter/Ren,Camden,07,1801,Camden Prep
K. Charter/Ren,Camden,07,1802,Mastery Schools Of Camden
K. Charter/Ren,Camden,07,6086,Hope Community Cs
K. Charter/Ren,Camden,07,6107,Camden’s Promise Charter School
K. Charter/Ren,Camden,07,7109,Leap Academy University Cs
A. K-6,Cape May,09,710,Cape May City
A. K-6,Cape May,09,2840,Lower Twp
A. K-6,Cape May,09,5610,West Cape May Boro
B. K-8 / 0 - 400,Cape May,09,170,Avalon Boro
B. K-8 / 0 - 400,Cape May,09,3680,North Wildwood City
B. K-8 / 0 - 400,Cape May,09,5060,Stone Harbor Boro
B. K-8 / 0 - 400,Cape May,09,5800,Wildwood Crest Boro
B. K-8 / 0 - 400,Cape May,09,5840,Woodbine Boro
C. K-8 / 401 - 750,Cape May,09,1080,Dennis Twp
D. K-8 / 751 +,Cape May,09,5340,Upper Twp
E. K-12 / 0 - 1800,Cape May,09,3780,Ocean City
E. K-12 / 0 - 1800,Cape May,09,5790,Wildwood City
F. K-12 / 1801 - 3500,Cape May,09,3130,Middle Twp
H. 7-12 / 9-12,Cape May,09,2820,Lower Cape May Regional
I. CSSD,Cape May,09,715,Cape May Co Special Serv
J. County Voc,Cape May,09,720,Cape May County Vocational School Distri
B. K-8 / 0 - 400,Cumberland,11,1020,Deerfield Twp
B. K-8 / 0 - 400,Cumberland,11,1120,Downe Twp
B. K-8 / 0 - 400,Cumberland,11,1820,Greenwich Twp
B. K-8 / 0 - 400,Cumberland,11,3050,Maurice River Twp
B. K-8 / 0 - 400,Cumberland,11,5070,Stow Creek Twp
C. K-8 / 401 - 750,Cumberland,11,950,Commercial Twp
C. K-8 / 401 - 750,Cumberland,11,1460,Fairfield Twp
C. K-8 / 401 - 750,Cumberland,11,2270,Hopewell Twp
C. K-8 / 401 - 750,Cumberland,11,2570,Lawrence Twp
D. K-8 / 751 +,Cumberland,11,5300,Upper Deerfield Twp
G. K-12 / 3501 +,Cumberland,11,540,Bridgeton City
G. K-12 / 3501 +,Cumberland,11,3230,Millville City
G. K-12 / 3501 +,Cumberland,11,5390,Vineland City
H. 7-12 / 9-12,Cumberland,11,997,Cumberland Regional
J. County Voc,Cumberland,11,995,Cumberland Co Vocational
K. Charter/Ren,Cumberland,11,6028,Vineland Public Charter School
K. Charter/Ren,Cumberland,11,6069,Millville Public Charter School
K. Charter/Ren,Cumberland,11,6089,Compass Academy Cs
K. Charter/Ren,Cumberland,11,6100,Bridgeton Public Charter School
A. K-6,Essex,13,1400,Essex Fells Boro
A. K-6,Essex,13,1465,Fairfield Twp
A. K-6,Essex,13,3630,North Caldwell Boro
A. K-6,Essex,13,4530,Roseland Boro
E. K-12 / 0 - 1800,Essex,13,760,Cedar Grove Twp
E. K-12 / 0 - 1800,Essex,13,1750,Glen Ridge Boro
F. K-12 / 1801 - 3500,Essex,13,660,Caldwell-West Caldwell
F. K-12 / 1801 - 3500,Essex,13,5370,Verona Boro
G. K-12 / 3501 +,Essex,13,250,Belleville Town
G. K-12 / 3501 +,Essex,13,410,Bloomfield Twp
G. K-12 / 3501 +,Essex,13,1210,East Orange
G. K-12 / 3501 +,Essex,13,2330,Irvington Township
G. K-12 / 3501 +,Essex,13,2730,Livingston Twp
G. K-12 / 3501 +,Essex,13,3190,Millburn Twp
G. K-12 / 3501 +,Essex,13,3310,Montclair Town
G. K-12 / 3501 +,Essex,13,3570,Newark City
G. K-12 / 3501 +,Essex,13,3750,Nutley Town
G. K-12 / 3501 +,Essex,13,3880,City Of Orange Twp
G. K-12 / 3501 +,Essex,13,4900,South Orange-Maplewood
G. K-12 / 3501 +,Essex,13,5680,West Orange Town
H. 7-12 / 9-12,Essex,13,5630,West Essex Regional
J. County Voc,Essex,13,1390,Essex Co Voc-Tech
K. Charter/Ren,Essex,13,6020,Pride Academy Charter School
K. Charter/Ren,Essex,13,6022,Burch Charter School Of Excellence
K. Charter/Ren,Essex,13,6029,Newark Educators Community Charter Schoo
K. Charter/Ren,Essex,13,6053,Great Oaks Legacy Charter School
K. Charter/Ren,Essex,13,6058,Roseville Community Cs
K. Charter/Ren,Essex,13,6094,Phillip's Academy Charter School
K. Charter/Ren,Essex,13,6099,Link Community Charter School
K. Charter/Ren,Essex,13,6109,Lead Charter School
K. Charter/Ren,Essex,13,6320,Discovery Cs
K. Charter/Ren,Essex,13,6410,East Orange Community Cs
K. Charter/Ren,Essex,13,6665,Gray Cs
K. Charter/Ren,Essex,13,7021,People's Achieve Community Charter Schoo
K. Charter/Ren,Essex,13,7210,Marion P. Thomas Cs
K. Charter/Ren,Essex,13,7290,New Horizons Comm. Cs
K. Charter/Ren,Essex,13,7320,North Star Academy Charter School
K. Charter/Ren,Essex,13,7325,Team Academy Charter School
K. Charter/Ren,Essex,13,7730,Robert Treat Academy Cs
K. Charter/Ren,Essex,13,7735,Maria L. Varisco-Rogers Cs
A. K-6,Gloucester,15,1180,East Greenwich Twp
A. K-6,Gloucester,15,1330,Elk Twp
A. K-6,Gloucester,15,1590,Franklin Twp
A. K-6,Gloucester,15,2070,Harrison Twp
A. K-6,Gloucester,15,2990,Mantua Twp
A. K-6,Gloucester,15,3490,National Park Boro
A. K-6,Gloucester,15,4880,South Harrison Twp
A. K-6,Gloucester,15,5120,Swedesboro-Woolwich
A. K-6,Gloucester,15,5590,Wenonah Boro
A. K-6,Gloucester,15,5740,Westville Boro
A. K-6,Gloucester,15,5870,Woodbury Heights Boro
C. K-8 / 401 - 750,Gloucester,15,1830,Greenwich Twp
D. K-8 / 751 +,Gloucester,15,2750,Logan Twp
E. K-12 / 0 - 1800,Gloucester,15,860,Clayton Boro
E. K-12 / 0 - 1800,Gloucester,15,4020,Paulsboro Boro
E. K-12 / 0 - 1800,Gloucester,15,4140,Pitman Boro
E. K-12 / 0 - 1800,Gloucester,15,5860,Woodbury City
F. K-12 / 1801 - 3500,Gloucester,15,1730,Glassboro
F. K-12 / 1801 - 3500,Gloucester,15,5620,West Deptford Twp
G. K-12 / 3501 +,Gloucester,15,1100,Deptford Twp
G. K-12 / 3501 +,Gloucester,15,3280,Monroe Twp
G. K-12 / 3501 +,Gloucester,15,5500,Washington Twp
H. 7-12 / 9-12,Gloucester,15,870,Clearview Regional
H. 7-12 / 9-12,Gloucester,15,1715,Gateway Regional
H. 7-12 / 9-12,Gloucester,15,2440,Kingsway Regional
H. 7-12 / 9-12,Gloucester,15,4940,Delsea Regional H.S Dist.
I. CSSD,Gloucester,15,1774,Gloucester Co Spec Serv
J. County Voc,Gloucester,15,1775,Gloucester Co Vocational
B. K-8 / 0 - 400,Hudson,17,1200,East Newark Boro
D. K-8 / 751 +,Hudson,17,1850,Guttenberg Town
E. K-12 / 0 - 1800,Hudson,17,5580,Weehawken Twp
F. K-12 / 1801 - 3500,Hudson,17,2060,Harrison Town
F. K-12 / 1801 - 3500,Hudson,17,2210,Hoboken City
F. K-12 / 1801 - 3500,Hudson,17,4730,Secaucus Town
G. K-12 / 3501 +,Hudson,17,220,Bayonne City
G. K-12 / 3501 +,Hudson,17,2390,Jersey City
G. K-12 / 3501 +,Hudson,17,2410,Kearny Town
G. K-12 / 3501 +,Hudson,17,3610,North Bergen Twp
G. K-12 / 3501 +,Hudson,17,5240,Union City
G. K-12 / 3501 +,Hudson,17,5670,West New York Schools
J. County Voc,Hudson,17,2295,Hudson County Vocational
K. Charter/Ren,Hudson,17,6030,The Ethical Community Charter School
K. Charter/Ren,Hudson,17,6036,Hola Hoboken Dual Lang Cs
K. Charter/Ren,Hudson,17,6064,Dr Lena Edwards Academic Charter School
K. Charter/Ren,Hudson,17,6082,Beloved Community Charter School
K. Charter/Ren,Hudson,17,6093,Jersey City Global Cs
K. Charter/Ren,Hudson,17,6103,Empowerment Academy Charter School
K. Charter/Ren,Hudson,17,6105,Hudson Arts And Science  Charter School
K. Charter/Ren,Hudson,17,6420,Elysian Cs Of Hoboken
K. Charter/Ren,Hudson,17,6720,Hoboken Cs
K. Charter/Ren,Hudson,17,6910,Jersey City Comm. Cs
K. Charter/Ren,Hudson,17,6915,Jersey City Golden Door Charter School
K. Charter/Ren,Hudson,17,7115,Learning Community Cs
K. Charter/Ren,Hudson,17,7830,Soaring Heights Cs
K. Charter/Ren,Hudson,17,7898,Kindle Education Public Charter School
K. Charter/Ren,Hudson,17,8060,University Academy Cs
A. K-6,Hunterdon,19,1970,Hampton Boro
A. K-6,Hunterdon,19,2590,Lebanon Boro
A. K-6,Hunterdon,19,3180,Milford Boro
B. K-8 / 0 - 400,Hunterdon,19,370,Bethlehem Twp
B. K-8 / 0 - 400,Hunterdon,19,430,Bloomsbury Boro
B. K-8 / 0 - 400,Hunterdon,19,670,Califon Boro
B. K-8 / 0 - 400,Hunterdon,19,910,Clinton-Glen Gardner
B. K-8 / 0 - 400,Hunterdon,19,1160,East Amwell Twp
B. K-8 / 0 - 400,Hunterdon,19,1600,Franklin Twp
B. K-8 / 0 - 400,Hunterdon,19,1680,Frenchtown Boro
B. K-8 / 0 - 400,Hunterdon,19,2140,High Bridge Boro
B. K-8 / 0 - 400,Hunterdon,19,2450,Kingwood Twp
C. K-8 / 401 - 750,Hunterdon,19,20,Alexandria Twp
C. K-8 / 401 - 750,Hunterdon,19,1040,Delaware Twp
C. K-8 / 401 - 750,Hunterdon,19,2220,Holland Twp
C. K-8 / 401 - 750,Hunterdon,19,2600,Lebanon Twp
C. K-8 / 401 - 750,Hunterdon,19,5180,Tewksbury Twp
C. K-8 / 401 - 750,Hunterdon,19,5270,Union Twp
D. K-8 / 751 +,Hunterdon,19,920,Clinton Twp
D. K-8 / 751 +,Hunterdon,19,1510,Flemington-Raritan Reg
D. K-8 / 751 +,Hunterdon,19,4350,Readington Twp
E. K-12 / 0 - 1800,Hunterdon,19,1376,South Hunterdon Regional School District
H. 7-12 / 9-12,Hunterdon,19,1050,Delaware Valley Regional
H. 7-12 / 9-12,Hunterdon,19,2300,Hunterdon Central Reg
H. 7-12 / 9-12,Hunterdon,19,3660,North Hunterdon-Voorhees Regional High S
J. County Voc,Hunterdon,19,2308,Hunterdon Co Vocational
F. K-12 / 1801 - 3500,Mercer,21,2280,Hopewell Valley Regional
F. K-12 / 1801 - 3500,Mercer,21,5510,Robbinsville Twp
G. K-12 / 3501 +,Mercer,21,1245,East Windsor Regional
G. K-12 / 3501 +,Mercer,21,1430,Ewing Twp
G. K-12 / 3501 +,Mercer,21,1950,Hamilton Twp
G. K-12 / 3501 +,Mercer,21,2580,Lawrence Twp
G. K-12 / 3501 +,Mercer,21,4255,Princeton Public Schools
G. K-12 / 3501 +,Mercer,21,5210,Trenton Public School District
G. K-12 / 3501 +,Mercer,21,5715,W Windsor-Plainsboro Reg
I. CSSD,Mercer,21,3103,Mercer County Special Services School Di
J. County Voc,Mercer,21,3105,Mercer County Vocational
K. Charter/Ren,Mercer,21,6017,Foundation Academy Cs
K. Charter/Ren,Mercer,21,6025,Paul Robeson Humanities  Charter School
K. Charter/Ren,Mercer,21,6183,Trenton Stem-To-Civics Cs
K. Charter/Ren,Mercer,21,6810,International Charter School
K. Charter/Ren,Mercer,21,7500,Pace Cs Of Hamilton
K. Charter/Ren,Mercer,21,7540,Princeton Cs
K. Charter/Ren,Mercer,21,7895,Achievers Early College Prep Charter Sch
K. Charter/Ren,Mercer,21,7902,Mccorristin Charter School District
K. Charter/Ren,Mercer,21,8140,Village Cs
C. K-8 / 401 - 750,Middlesex,23,970,Cranbury Twp
C. K-8 / 401 - 750,Middlesex,23,2370,Jamesburg Boro
D. K-8 / 751 +,Middlesex,23,3220,Milltown Boro
E. K-12 / 0 - 1800,Middlesex,23,1140,Dunellen Boro
E. K-12 / 0 - 1800,Middlesex,23,2150,Highland Park Boro
E. K-12 / 0 - 1800,Middlesex,23,4830,South Amboy City
E. K-12 / 0 - 1800,Middlesex,23,4970,Spotswood Boro
F. K-12 / 1801 - 3500,Middlesex,23,3120,Metuchen Boro
F. K-12 / 1801 - 3500,Middlesex,23,3140,Middlesex Boro
F. K-12 / 1801 - 3500,Middlesex,23,4920,South River Boro
G. K-12 / 3501 +,Middlesex,23,750,Carteret Boro
G. K-12 / 3501 +,Middlesex,23,1170,East Brunswick Twp
G. K-12 / 3501 +,Middlesex,23,1290,Edison Twp
G. K-12 / 3501 +,Middlesex,23,3290,Monroe Twp
G. K-12 / 3501 +,Middlesex,23,3530,New Brunswick City
G. K-12 / 3501 +,Middlesex,23,3620,North Brunswick Twp
G. K-12 / 3501 +,Middlesex,23,3845,Old Bridge Twp
G. K-12 / 3501 +,Middlesex,23,4090,Perth Amboy City
G. K-12 / 3501 +,Middlesex,23,4130,Piscataway Twp
G. K-12 / 3501 +,Middlesex,23,4660,Sayreville Boro
G. K-12 / 3501 +,Middlesex,23,4860,South Brunswick Twp
G. K-12 / 3501 +,Middlesex,23,4910,South Plainfield Boro
G. K-12 / 3501 +,Middlesex,23,5850,Woodbridge Twp
J. County Voc,Middlesex,23,3150,Middlesex Co Vocational
K. Charter/Ren,Middlesex,23,6032,Academy For Urban Leadership Charter Sch
K. Charter/Ren,Middlesex,23,6041,Hatikvah International Cs
K. Charter/Ren,Middlesex,23,6635,Greater Brunswick Cs
K. Charter/Ren,Middlesex,23,7896,Middlesex Charter School
A. K-6,Monmouth,25,130,Atlantic Highlands Boro
A. K-6,Monmouth,25,2160,Highlands Boro
A. K-6,Monmouth,25,4520,Roosevelt Boro
B. K-8 / 0 - 400,Monmouth,25,180,Avon Boro
B. K-8 / 0 - 400,Monmouth,25,270,Belmar Boro
B. K-8 / 0 - 400,Monmouth,25,500,Bradley Beach Boro
B. K-8 / 0 - 400,Monmouth,25,1000,Deal Boro
B. K-8 / 0 - 400,Monmouth,25,1490,Farmingdale Boro
B. K-8 / 0 - 400,Monmouth,25,3250,Monmouth Beach Boro
B. K-8 / 0 - 400,Monmouth,25,3500,Neptune City
B. K-8 / 0 - 400,Monmouth,25,4690,Sea Girt Boro
B. K-8 / 0 - 400,Monmouth,25,4980,Spring Lake Boro
B. K-8 / 0 - 400,Monmouth,25,4990,Spring Lake Heights Boro
C. K-8 / 401 - 750,Monmouth,25,560,Brielle Boro
C. K-8 / 401 - 750,Monmouth,25,2720,Little Silver Boro
C. K-8 / 401 - 750,Monmouth,25,3830,Oceanport Boro
C. K-8 / 401 - 750,Monmouth,25,4770,Shrewsbury Boro
C. K-8 / 401 - 750,Monmouth,25,5230,Union Beach
C. K-8 / 401 - 750,Monmouth,25,5640,West Long Branch Boro
D. K-8 / 751 +,Monmouth,25,945,Colts Neck Twp
D. K-8 / 751 +,Monmouth,25,1260,Eatontown Boro
D. K-8 / 751 +,Monmouth,25,1440,Fair Haven Boro
D. K-8 / 751 +,Monmouth,25,1640,Freehold Boro
D. K-8 / 751 +,Monmouth,25,1660,Freehold Twp
D. K-8 / 751 +,Monmouth,25,2290,Howell Twp
D. K-8 / 751 +,Monmouth,25,2920,Manalapan-Englishtown Reg
D. K-8 / 751 +,Monmouth,25,3030,Marlboro Twp
D. K-8 / 751 +,Monmouth,25,3200,Millstone Twp
D. K-8 / 751 +,Monmouth,25,4360,Red Bank Boro
D. K-8 / 751 +,Monmouth,25,4570,Rumson Boro
D. K-8 / 751 +,Monmouth,25,5185,Tinton Falls
E. K-12 / 0 - 1800,Monmouth,25,100,Asbury Park City
E. K-12 / 0 - 1800,Monmouth,25,1456,Henry Hudson Regional School District
E. K-12 / 0 - 1800,Monmouth,25,2400,Keansburg Boro
E. K-12 / 0 - 1800,Monmouth,25,2430,Keyport Boro
E. K-12 / 0 - 1800,Monmouth,25,2930,Manasquan Boro
F. K-12 / 1801 - 3500,Monmouth,25,2105,Hazlet Twp
F. K-12 / 1801 - 3500,Monmouth,25,2230,Holmdel Twp
F. K-12 / 1801 - 3500,Monmouth,25,3510,Neptune Twp
F. K-12 / 1801 - 3500,Monmouth,25,3810,Ocean Twp
F. K-12 / 1801 - 3500,Monmouth,25,5310,Upper Freehold Regional
F. K-12 / 1801 - 3500,Monmouth,25,5420,Wall Twp
G. K-12 / 3501 +,Monmouth,25,2770,Long Branch City
G. K-12 / 3501 +,Monmouth,25,3040,Matawan-Aberdeen Regional
G. K-12 / 3501 +,Monmouth,25,3160,Middletown Twp
H. 7-12 / 9-12,Monmouth,25,1650,Freehold Regional
H. 7-12 / 9-12,Monmouth,25,2120,Henry Hudson Regional
H. 7-12 / 9-12,Monmouth,25,3270,Monmouth Regional
H. 7-12 / 9-12,Monmouth,25,4365,Red Bank Regional
H. 7-12 / 9-12,Monmouth,25,4580,Rumson-Fair Haven Reg
H. 7-12 / 9-12,Monmouth,25,4760,Shore Regional
J. County Voc,Monmouth,25,3260,Monmouth Co Vocational
K. Charter/Ren,Monmouth,25,6010,Academy Charter High School
K. Charter/Ren,Monmouth,25,6740,Hope Academy Cs
K. Charter/Ren,Monmouth,25,7720,The Red Bank Cs
K. Charter/Ren,Monmouth,25,7891,College Achieve Greater Asbury Park Char
A. K-6,Morris,27,3240,Mine Hill Twp
B. K-8 / 0 - 400,Morris,27,460,Boonton Twp
B. K-8 / 0 - 400,Morris,27,2010,Harding Township
B. K-8 / 0 - 400,Morris,27,3410,Mount Arlington Boro
B. K-8 / 0 - 400,Morris,27,3520,Netcong Boro
B. K-8 / 0 - 400,Morris,27,4440,Riverdale Boro
C. K-8 / 401 - 750,Morris,27,3090,Mendham Boro
C. K-8 / 401 - 750,Morris,27,3380,Morris Plains Boro
C. K-8 / 401 - 750,Morris,27,4480,Rockaway Boro
C. K-8 / 401 - 750,Morris,27,5770,Wharton Boro
D. K-8 / 751 +,Morris,27,820,Chester Twp
D. K-8 / 751 +,Morris,27,1090,Denville Twp
D. K-8 / 751 +,Morris,27,1190,East Hanover Twp
D. K-8 / 751 +,Morris,27,1530,Florham Park Boro
D. K-8 / 751 +,Morris,27,2000,Hanover Twp
D. K-8 / 751 +,Morris,27,2650,Lincoln Park Boro
D. K-8 / 751 +,Morris,27,3100,Mendham Twp
D. K-8 / 751 +,Morris,27,4000,Long Hill Twp
D. K-8 / 751 +,Morris,27,4490,Rockaway Twp
D. K-8 / 751 +,Morris,27,5520,Washington Twp
E. K-12 / 0 - 1800,Morris,27,450,Boonton Town
E. K-12 / 0 - 1800,Morris,27,630,Butler Boro
E. K-12 / 0 - 1800,Morris,27,2460,Kinnelon Boro
E. K-12 / 0 - 1800,Morris,27,3460,Mountain Lakes Boro
F. K-12 / 1801 - 3500,Morris,27,1110,Dover Town
F. K-12 / 1801 - 3500,Morris,27,2380,Jefferson Twp
F. K-12 / 1801 - 3500,Morris,27,2870,Madison Boro
F. K-12 / 1801 - 3500,Morris,27,3340,Montville Twp
F. K-12 / 1801 - 3500,Morris,27,4080,Pequannock Twp
F. K-12 / 1801 - 3500,Morris,27,4560,Roxbury Twp
G. K-12 / 3501 +,Morris,27,785,Sch Dist Of The Chathams
G. K-12 / 3501 +,Morris,27,3385,Morris School District
G. K-12 / 3501 +,Morris,27,3450,Mount Olive Twp
G. K-12 / 3501 +,Morris,27,3950,Parsippany-Troy Hills Twp
G. K-12 / 3501 +,Morris,27,4330,Randolph Twp
H. 7-12 / 9-12,Morris,27,1990,Hanover Park Regional
H. 7-12 / 9-12,Morris,27,3370,Morris Hills Regional
H. 7-12 / 9-12,Morris,27,5660,West Morris Regional
J. County Voc,Morris,27,3365,Morris County Vocational
K. Charter/Ren,Morris,27,8050,Unity Cs
A. K-6,Ocean,29,230,Beach Haven Boro
A. K-6,Ocean,29,320,Berkeley Twp
A. K-6,Ocean,29,1150,Eagleswood Twp
A. K-6,Ocean,29,2350,Island Heights Boro
A. K-6,Ocean,29,2690,Little Egg Harbor Twp
A. K-6,Ocean,29,2760,Long Beach Island
A. K-6,Ocean,29,3800,Ocean Gate Boro
A. K-6,Ocean,29,3820,Ocean Twp
A. K-6,Ocean,29,4710,Seaside Heights Boro
A. K-6,Ocean,29,5020,Stafford Twp
A. K-6,Ocean,29,5220,Tuckerton Boro
B. K-8 / 0 - 400,Ocean,29,210,Bay Head Boro
B. K-8 / 0 - 400,Ocean,29,2550,Lavallette Boro
C. K-8 / 401 - 750,Ocean,29,2500,Lakehurst Boro
E. K-12 / 0 - 1800,Ocean,29,4190,Plumsted Twp
E. K-12 / 0 - 1800,Ocean,29,4220,Point Pleasant Beach Boro
F. K-12 / 1801 - 3500,Ocean,29,2940,Manchester Twp
F. K-12 / 1801 - 3500,Ocean,29,4210,Point Pleasant Boro
G. K-12 / 3501 +,Ocean,29,185,Barnegat Twp
G. K-12 / 3501 +,Ocean,29,530,Brick Twp
G. K-12 / 3501 +,Ocean,29,2360,Jackson Twp
G. K-12 / 3501 +,Ocean,29,2480,Lacey Twp
G. K-12 / 3501 +,Ocean,29,2520,Lakewood Twp
G. K-12 / 3501 +,Ocean,29,5190,Toms River Regional
H. 7-12 / 9-12,Ocean,29,770,Central Regional
H. 7-12 / 9-12,Ocean,29,4105,Pinelands Regional
H. 7-12 / 9-12,Ocean,29,4950,Southern Regional
J. County Voc,Ocean,29,3790,Ocean County Vocational
K. Charter/Ren,Ocean,29,7893,Ocean Academy Charter School
C. K-8 / 401 - 750,Passaic,31,420,Bloomingdale Boro
C. K-8 / 401 - 750,Passaic,31,3640,North Haledon Boro
D. K-8 / 751 +,Passaic,31,1920,Haledon Boro
D. K-8 / 751 +,Passaic,31,2700,Little Falls Twp
D. K-8 / 751 +,Passaic,31,4270,Prospect Park Boro
D. K-8 / 751 +,Passaic,31,4400,Ringwood Boro
D. K-8 / 751 +,Passaic,31,5200,Totowa Boro
D. K-8 / 751 +,Passaic,31,5440,Wanaque Boro
D. K-8 / 751 +,Passaic,31,5690,Woodland Park
E. K-12 / 0 - 1800,Passaic,31,4230,Pompton Lakes Boro
F. K-12 / 1801 - 3500,Passaic,31,2100,Hawthorne Boro
F. K-12 / 1801 - 3500,Passaic,31,5650,West Milford Twp
G. K-12 / 3501 +,Passaic,31,900,Clifton City
G. K-12 / 3501 +,Passaic,31,3970,Passaic City
G. K-12 / 3501 +,Passaic,31,4010,Paterson City
G. K-12 / 3501 +,Passaic,31,5570,Wayne Twp
H. 7-12 / 9-12,Passaic,31,2510,Lakeland Regional
H. 7-12 / 9-12,Passaic,31,3980,Passaic Co Manchester Reg
H. 7-12 / 9-12,Passaic,31,3990,Passaic Valley Regional
J. County Voc,Passaic,31,3995,Passaic County Vocational
K. Charter/Ren,Passaic,31,6021,Community Charter School Of Paterso
K. Charter/Ren,Passaic,31,6079,John P Holland Charter School
K. Charter/Ren,Passaic,31,6080,Passaic Arts And Science Charter School
K. Charter/Ren,Passaic,31,6096,Paterson Arts And Science Charter School
K. Charter/Ren,Passaic,31,6106,Philip’s Charter School Of Paterson
K. Charter/Ren,Passaic,31,6230,Classical Academy Charter School Of Clif
K. Charter/Ren,Passaic,31,7503,Paterson Cs For Sci/Tech
K. Charter/Ren,Passaic,31,7892,College Achieve Paterson Charter School
K. Charter/Ren,Passaic,31,7899,Brilla New Jersey Charter School
B. K-8 / 0 - 400,Salem,33,60,Alloway Twp
B. K-8 / 0 - 400,Salem,33,1350,Elsinboro Twp
B. K-8 / 0 - 400,Salem,33,2800,Lower Alloways Creek
B. K-8 / 0 - 400,Salem,33,2950,Mannington Twp
B. K-8 / 0 - 400,Salem,33,3860,Oldmans Twp
B. K-8 / 0 - 400,Salem,33,4280,Quinton Twp
B. K-8 / 0 - 400,Salem,33,5320,Upper Pittsgrove Twp
E. K-12 / 0 - 1800,Salem,33,4150,Pittsgrove Twp
E. K-12 / 0 - 1800,Salem,33,4630,Salem City
E. K-12 / 0 - 1800,Salem,33,5910,Woodstown-Pilesgrove Reg
F. K-12 / 1801 - 3500,Salem,33,4070,Penns Grv-Carneys Pt Reg
F. K-12 / 1801 - 3500,Salem,33,4075,Pennsville
I. CSSD,Salem,33,4635,Salem Co Special Service
J. County Voc,Salem,33,4640,Salem County Vocational
K. Charter/Ren,Salem,33,7897,Creativity Colaboratory Charter School
C. K-8 / 401 - 750,Somerset,35,240,Bedminster Twp
C. K-8 / 401 - 750,Somerset,35,1810,Green Brook Twp
C. K-8 / 401 - 750,Somerset,35,4850,South Bound Brook
C. K-8 / 401 - 750,Somerset,35,5540,Watchung Boro
D. K-8 / 751 +,Somerset,35,510,Branchburg Twp
D. K-8 / 751 +,Somerset,35,5470,Warren Twp
E. K-12 / 0 - 1800,Somerset,35,3000,Manville Boro
E. K-12 / 0 - 1800,Somerset,35,4815,Somerset Hills Regional
F. K-12 / 1801 - 3500,Somerset,35,490,Bound Brook Boro
F. K-12 / 1801 - 3500,Somerset,35,3670,North Plainfield Boro
F. K-12 / 1801 - 3500,Somerset,35,4820,Somerville Boro
G. K-12 / 3501 +,Somerset,35,350,Bernards Twp
G. K-12 / 3501 +,Somerset,35,555,Bridgewater-Raritan Reg
G. K-12 / 3501 +,Somerset,35,1610,Franklin Twp
G. K-12 / 3501 +,Somerset,35,2170,Hillsborough Twp
G. K-12 / 3501 +,Somerset,35,3320,Montgomery Twp
H. 7-12 / 9-12,Somerset,35,5550,Watchung Hills Regional
J. County Voc,Somerset,35,4810,Somerset Co Vocational
K. Charter/Ren,Somerset,35,6018,Central Jersey College Prep Charter Scho
K. Charter/Ren,Somerset,35,6081,Thomas Edison Energysmart Charter School
A. K-6,Statewide,,N.A.,Group average: A. K-6
A. K-6,Statewide,,N.A.,Group median:  A. K-6
A. K-6,Statewide,,N.A.,State average:   All operating types
A. K-6,Statewide,,N.A.,State median:    All operating types
B. K-8 / 0 - 400,Statewide,,N.A.,Group average: B. K-8 / 0-400
B. K-8 / 0 - 400,Statewide,,N.A.,Group median:  B. K-8 / 0-400
B. K-8 / 0 - 400,Statewide,,N.A.,State average:   All operating types
B. K-8 / 0 - 400,Statewide,,N.A.,State median:    All operating types
C. K-8 / 401 - 750,Statewide,,N.A.,Group average: C. K-8 / 401-750
C. K-8 / 401 - 750,Statewide,,N.A.,Group median:  C. K-8 / 401-750
C. K-8 / 401 - 750,Statewide,,N.A.,State average:   All operating types
C. K-8 / 401 - 750,Statewide,,N.A.,State median:    All operating types
D. K-8 / 751 +,Statewide,,N.A.,Group average: D. K-8 / 751+
D. K-8 / 751 +,Statewide,,N.A.,Group median:  D. K-8 / 751+
D. K-8 / 751 +,Statewide,,N.A.,State average:   All operating types
D. K-8 / 751 +,Statewide,,N.A.,State median:    All operating types
E. K-12 / 0 - 1800,Statewide,,N.A.,Group average: E. K-12 / 0-1800
E. K-12 / 0 - 1800,Statewide,,N.A.,Group median:  E. K-12 / 0-1800
E. K-12 / 0 - 1800,Statewide,,N.A.,State average:   All operating types
E. K-12 / 0 - 1800,Statewide,,N.A.,State median:    All operating types
F. K-12 / 1801 - 3500,Statewide,,N.A.,Group average: F. K-12 / 1801-3500
F. K-12 / 1801 - 3500,Statewide,,N.A.,Group median:  F. K-12 / 1801-3500
F. K-12 / 1801 - 3500,Statewide,,N.A.,State average:   All operating types
F. K-12 / 1801 - 3500,Statewide,,N.A.,State median:    All operating types
G. K-12 / 3501 +,Statewide,,N.A.,Group average: G. K-12 / 3501+
G. K-12 / 3501 +,Statewide,,N.A.,Group median:  G. K-12 / 3501+
G. K-12 / 3501 +,Statewide,,N.A.,State average:   All operating types
G. K-12 / 3501 +,Statewide,,N.A.,State median:    All operating types
H. 7-12 / 9-12,Statewide,,N.A.,Group average: H. 7-12 / 9-12
H. 7-12 / 9-12,Statewide,,N.A.,Group median:  H. 7-12 / 9-12
H. 7-12 / 9-12,Statewide,,N.A.,State average:   All operating types
H. 7-12 / 9-12,Statewide,,N.A.,State median:    All operating types
I. CSSD,Statewide,,N.A.,Group average: I. CSSD
I. CSSD,Statewide,,N.A.,Group median:  I. CSSD
I. CSSD,Statewide,,N.A.,State average:   All operating types
I. CSSD,Statewide,,N.A.,State median:    All operating types
J. County Voc,Statewide,,N.A.,Group average: J. County Voc
J. County Voc,Statewide,,N.A.,Group median:  J. County Voc
J. County Voc,Statewide,,N.A.,State average:   All operating types
J. County Voc,Statewide,,N.A.,State median:    All operating types
K. Charter/Ren,Statewide,,N.A.,Group average: K. Charter/Renaissance
K. Charter/Ren,Statewide,,N.A.,Group median:  K. Charter/Renaissance
K. Charter/Ren,Statewide,,N.A.,State average:   All operating types
K. Charter/Ren,Statewide,,N.A.,State median:    All operating types
A. K-6,Sussex,37,1630,Fredon Twp
A. K-6,Sussex,37,1980,Hampton Twp
A. K-6,Sussex,37,4650,Sandyston-Walpack Twp
A. K-6,Sussex,37,5040,Stillwater Twp
B. K-8 / 0 - 400,Sussex,37,1930,Hamburg Boro
B. K-8 / 0 - 400,Sussex,37,2490,Lafayette Twp
B. K-8 / 0 - 400,Sussex,37,3300,Montague Twp
B. K-8 / 0 - 400,Sussex,37,3840,Ogdensburg Boro
B. K-8 / 0 - 400,Sussex,37,5030,Stanhope Boro
C. K-8 / 401 - 750,Sussex,37,90,Andover Reg
C. K-8 / 401 - 750,Sussex,37,1560,Frankford Twp
C. K-8 / 401 - 750,Sussex,37,1570,Franklin Boro
C. K-8 / 401 - 750,Sussex,37,1800,Green Twp
C. K-8 / 401 - 750,Sussex,37,2030,Hardyston Twp
D. K-8 / 751 +,Sussex,37,640,Byram Twp
D. K-8 / 751 +,Sussex,37,5100,Sussex-Wantage Regional
E. K-12 / 0 - 1800,Sussex,37,2240,Hopatcong
E. K-12 / 0 - 1800,Sussex,37,3590,Newton Town
F. K-12 / 1801 - 3500,Sussex,37,4960,Sparta Twp
F. K-12 / 1801 - 3500,Sussex,37,5360,Vernon Twp
H. 7-12 / 9-12,Sussex,37,2165,High Point Regional
H. 7-12 / 9-12,Sussex,37,2465,Kittatinny Regional
H. 7-12 / 9-12,Sussex,37,2615,Lenape Valley Regional
H. 7-12 / 9-12,Sussex,37,5435,Wallkill Valley Regional
J. County Voc,Sussex,37,5110,Sussex County Vocational
K. Charter/Ren,Sussex,37,7850,Sussex County Technology Charter School
B. K-8 / 0 - 400,Union,39,5810,Winfield Twp
C. K-8 / 401 - 750,Union,39,1710,Garwood Boro
C. K-8 / 401 - 750,Union,39,3470,Mountainside Boro
E. K-12 / 0 - 1800,Union,39,2420,Kenilworth Boro
F. K-12 / 1801 - 3500,Union,39,310,Berkeley Heights Twp
F. K-12 / 1801 - 3500,Union,39,850,Clark Twp
F. K-12 / 1801 - 3500,Union,39,2190,Hillside Twp
F. K-12 / 1801 - 3500,Union,39,3560,New Providence Boro
F. K-12 / 1801 - 3500,Union,39,4540,Roselle Boro
F. K-12 / 1801 - 3500,Union,39,4550,Roselle Park Boro
F. K-12 / 1801 - 3500,Union,39,5000,Springfield Twp
G. K-12 / 3501 +,Union,39,980,Cranford Twp
G. K-12 / 3501 +,Union,39,1320,Elizabeth City
G. K-12 / 3501 +,Union,39,2660,Linden City
G. K-12 / 3501 +,Union,39,4160,Plainfield City
G. K-12 / 3501 +,Union,39,4290,Rahway City
G. K-12 / 3501 +,Union,39,4670,Scotch Plains-Fanwood Reg
G. K-12 / 3501 +,Union,39,5090,Summit City
G. K-12 / 3501 +,Union,39,5290,Union Twp
G. K-12 / 3501 +,Union,39,5730,Westfield Town
J. County Voc,Union,39,5260,Union County Vocational
K. Charter/Ren,Union,39,6033,The Barack Obama Green Charter High Scho
K. Charter/Ren,Union,39,6101,College Achieve Central Charter School
K. Charter/Ren,Union,39,6102,Cresthaven Academy Charter School
K. Charter/Ren,Union,39,7600,Queen City Academy Cs
K. Charter/Ren,Union,39,8010,Union County Teams Cs
A. K-6,Warren,41,400,Blairstown Twp
A. K-6,Warren,41,1620,Franklin Twp
A. K-6,Warren,41,1670,Frelinghuysen Twp
A. K-6,Warren,41,2470,Knowlton Twp
A. K-6,Warren,41,2970,Mansfield Twp
A. K-6,Warren,41,5480,Washington Boro
A. K-6,Warren,41,5530,Washington Twp
B. K-8 / 0 - 400,Warren,41,70,Alpha Boro
B. K-8 / 0 - 400,Warren,41,2040,Harmony Twp
B. K-8 / 0 - 400,Warren,41,2250,Hope Twp
B. K-8 / 0 - 400,Warren,41,3890,Oxford Twp
B. K-8 / 0 - 400,Warren,41,4200,Pohatcong Twp
B. K-8 / 0 - 400,Warren,41,5780,White Twp
C. K-8 / 401 - 750,Warren,41,30,Allamuchy Twp
C. K-8 / 401 - 750,Warren,41,1785,Great Meadows Regional
C. K-8 / 401 - 750,Warren,41,1840,Greenwich Twp
C. K-8 / 401 - 750,Warren,41,2790,Lopatcong Twp
E. K-12 / 0 - 1800,Warren,41,280,Belvidere Town
F. K-12 / 1801 - 3500,Warren,41,1870,Hackettstown
G. K-12 / 3501 +,Warren,41,4100,Phillipsburg Town
H. 7-12 / 9-12,Warren,41,3675,North Warren Regional
H. 7-12 / 9-12,Warren,41,5465,Warren Hills Regional
J. County Voc,Warren,41,5460,Warren County Vocational
K. Charter/Ren,Warren,41,7727,Ridge And Valley Cs