GROUP,CONAME,DIST,DISTNAME,PP110,RK110,PCT110,PP210,RK210,PCT210,PP310,RK310,PCT310
A. K–6,Statewide,N.A.,1. State average - Operating Type K-6,1776,N.A.,0.115,1664,N.A.,0.106,1913,N.A.,0.112
A. K–6,Statewide,N.A.,2. State median - Operating Type K-6,1802,N.A.,0.105,1790,N.A.,0.105,2015,N.A.,0.109
A. K–6,Statewide,N.A.,5. State average - All operating types,1939,N.A.,0.12,1924,N.A.,0.118,2096,N.A.,0.12
A. K–6,Statewide,N.A.,6. State median - All operating types,1911,N.A.,0.118,1869,N.A.,0.115,2001,N.A.,0.114
A. K–6,Bergen,1270,Edgewater Boro,1412,14|58,0.12,1521,14|57,0.118,1674,13|57,0.108
A. K–6,Bergen,3870,Oradell Boro,1622,23|58,0.108,1602,18|57,0.105,1632,11|57,0.103
A. K–6,Bergen,4410,River Edge Boro,1150,4|58,0.083,1210,5|57,0.085,1297,4|57,0.083
A. K–6,Bergen,4620,Saddle River Boro,2551,48|58,0.097,2343,46|57,0.079,3273,49|57,0.106
A. K–6,Burlington,200,Bass River Twp,2612,50|58,0.127,2246,43|57,0.095, N.R. ,N.R.,N.R.
A. K–6,Burlington,830,Chesterfield Twp,1414,15|58,0.111,1435,11|57,0.103,1821,21|57,0.113
A. K–6,Burlington,2960,Mansfield Twp,2032,37|58,0.108,2101,40|57,0.11,2413,45|57,0.113
A. K–6,Burlington,3650,North Hanover Twp,1867,32|58,0.104,1684,23|57,0.095,2015,29|57,0.1
A. K–6,Burlington,5010,Springfield Twp,2100,41|58,0.115,1814,32|57,0.118,1792,16|57,0.108
A. K–6,Camden,2540,Laurel Springs Boro,1282,7|58,0.096,1478,12|57,0.103,1793,17|57,0.109
A. K–6,Camden,3770,Oaklyn Boro,2015,34|58,0.108,1732,28|57,0.104,1811,20|57,0.103
A. K–6,Camden,5560,Waterford Twp,2876,52|58,0.155,2354,47|57,0.13,2305,38|57,0.117
A. K–6,Cape May,710,Cape May City,3518,56|58,0.142,3405,56|57,0.14,3371,52|57,0.166
A. K–6,Cape May,2840,Lower Twp,2068,38|58,0.138,2058,39|57,0.135,2092,32|57,0.125
A. K–6,Cape May,5610,West Cape May Boro,1576,21|58,0.097,2123,41|57,0.117,2112,33|57,0.114
A. K–6,Essex,1400,Essex Fells Boro,1802,30|58,0.096,2043,38|57,0.104,2200,35|57,0.11
A. K–6,Essex,1465,Fairfield Twp,1713,26|58,0.106,1691,25|57,0.106,1797,19|57,0.102
A. K–6,Essex,3630,North Caldwell Boro,2098,40|58,0.122,1905,34|57,0.112,2175,34|57,0.117
A. K–6,Essex,4530,Roseland Boro,1369,10|58,0.09,1597,17|57,0.099,1765,15|57,0.102
A. K–6,Gloucester,1180,East Greenwich Twp,1198,5|58,0.101,1197,4|57,0.098,1387,5|57,0.103
A. K–6,Gloucester,1330,Elk Twp,1398,12|58,0.095,1536,16|57,0.097,1996,26|57,0.111
A. K–6,Gloucester,1590,Franklin Twp,1557,19|58,0.128,1688,24|57,0.122,1872,23|57,0.13
A. K–6,Gloucester,2070,Harrison Twp,1689,25|58,0.131,1669,21|57,0.136,1612,10|57,0.118
A. K–6,Gloucester,2990,Mantua Twp,1801,29|58,0.12,1703,27|57,0.111,2201,36|57,0.147
A. K–6,Gloucester,3490,National Park Boro,1509,17|58,0.099,1270,7|57,0.087,1388,6|57,0.089
A. K–6,Gloucester,4880,South Harrison Twp,1385,11|58,0.107,1524,15|57,0.113,1740,14|57,0.117
A. K–6,Gloucester,5120,Swedesboro-Woolwich,1324,9|58,0.101,1409,10|57,0.099,1545,9|57,0.099
A. K–6,Gloucester,5590,Wenonah Boro,1279,6|58,0.075,1630,20|57,0.091,1848,22|57,0.099
A. K–6,Gloucester,5740,Westville Boro,833,1|58,0.071,837,1|57,0.062,1203,3|57,0.073
A. K–6,Gloucester,5870,Woodbury Heights Boro,981,2|58,0.067,951,2|57,0.068,1115,2|57,0.076
A. K–6,Hunterdon,2590,Lebanon Boro,2024,35|58,0.098,1993,37|57,0.093,2312,39|57,0.105
A. K–6,Hunterdon,3180,Milford Boro,2994,N.A.,0.122,3268,55|57,0.129,5412,57|57,0.171
A. K–6,Monmouth,130,Atlantic Highlands Boro,1405,13|58,0.085,1517,13|57,0.088,1793,17|57,0.097
A. K–6,Monmouth,2160,Highlands Boro,2205,44|58,0.099,2430,48|57,0.106,3661,54|57,0.121
A. K–6,Monmouth,4520,Roosevelt Boro,2031,36|58,0.088,2508,51|57,0.12,3318,51|57,0.143
A. K–6,Morris,3240,Mine Hill Twp,1844,31|58,0.107,1837,33|57,0.107,2322,41|57,0.135
A. K–6,Ocean,230,Beach Haven Boro,3808,57|58,0.139,4473,57|57,0.156,5098,56|57,0.188
A. K–6,Ocean,320,Berkeley Twp,1539,18|58,0.11,1272,8|57,0.093,1531,8|57,0.102
A. K–6,Ocean,1150,Eagleswood Twp,1500,16|58,0.073,1694,26|57,0.084,2001,27|57,0.084
A. K–6,Ocean,2350,Island Heights Boro,2657,51|58,0.148,2657,52|57,0.134,2823,46|57,0.14
A. K–6,Ocean,2690,Little Egg Harbor Twp,1294,8|58,0.09,1335,9|57,0.094,1415,7|57,0.091
A. K–6,Ocean,2760,Long Beach Island,3979,58|58,0.146,3233,54|57,0.121,4682,55|57,0.165
A. K–6,Ocean,3800,Ocean Gate Boro,1564,20|58,0.077,1790,29|57,0.092,1914,24|57,0.097
A. K–6,Ocean,3820,Ocean Twp,1597,22|58,0.12, N.R. ,N.R.,N.R.,1963,25|57,0.123
A. K–6,Ocean,4710,Seaside Heights Boro,1784,28|58,0.094,1629,19|57,0.083,1654,12|57,0.084
A. K–6,Ocean,5020,Stafford Twp,2530,47|58,0.15,1680,22|57,0.1,2260,37|57,0.127
A. K–6,Ocean,5220,Tuckerton Boro,1952,33|58,0.124,1951,35|57,0.13,2063,30|57,0.124
A. K–6,Sussex,1630,Fredon Twp,3229,54|58,0.149,3051,53|57,0.151,3655,53|57,0.165
A. K–6,Sussex,1980,Hampton Twp,2143,42|58,0.106,1801,30|57,0.103,2333,42|57,0.115
A. K–6,Sussex,4650,Sandyston-Walpack Twp,1742,27|58,0.085,1811,31|57,0.084,2335,43|57,0.111
A. K–6,Sussex,5040,Stillwater Twp,2321,46|58,0.116,2467,50|57,0.115,3054,48|57,0.138
A. K–6,Warren,400,Blairstown Twp,3267,55|58,0.184,1267,6|57,0.087,2004,28|57,0.108
A. K–6,Warren,1620,Franklin Twp,2092,39|58,0.102,1960,36|57,0.098,2066,31|57,0.101
A. K–6,Warren,1670,Frelinghuysen Twp,2172,43|58,0.143,2441,49|57,0.153,3283,50|57,0.172
A. K–6,Warren,2470,Knowlton Twp,2218,45|58,0.107,2263,44|57,0.095,2838,47|57,0.116
A. K–6,Warren,2970,Mansfield Twp,1090,3|58,0.079,964,3|57,0.063,1025,1|57,0.069
A. K–6,Warren,5480,Washington Boro,1627,24|58,0.106,2161,42|57,0.134,2408,44|57,0.131
A. K–6,Warren,5530,Washington Twp,2604,49|58,0.14,2331,45|57,0.125,2316,40|57,0.114
"B. K–8, 0 – 400",Statewide,N.A.,1. State average - Operating Type K-8,1802,N.A.,0.109,1785,N.A.,0.108,2041,N.A.,0.113
"B. K–8, 0 – 400",Statewide,N.A.,2. State median - Operating Type K-8,1862,N.A.,0.11,1797,N.A.,0.107,2051,N.A.,0.11
"B. K–8, 0 – 400",Statewide,N.A.,5. State average - All operating types,1939,N.A.,0.12,1924,N.A.,0.118,2096,N.A.,0.12
"B. K–8, 0 – 400",Statewide,N.A.,6. State median - All operating types,1911,N.A.,0.118,1869,N.A.,0.115,2001,N.A.,0.114
"B. K–8, 0 – 400",Atlantic,1410,Estell Manor City,2540,55|77,0.151,2053,48|80,0.136,2468,45|81,0.153
"B. K–8, 0 – 400",Atlantic,1540,Folsom Boro,1341,6|77,0.095,1612,22|80,0.11,1679,16|81,0.108
"B. K–8, 0 – 400",Atlantic,3020,Margate City,3887,75|77,0.141,3301,72|80,0.126,4529,79|81,0.148
"B. K–8, 0 – 400",Atlantic,4240,Port Republic City,1585,21|77,0.084,1459,12|80,0.078,1498,9|81,0.079
"B. K–8, 0 – 400",Atlantic,5760,Weymouth Twp,3101,64|77,0.171,2042,46|80,0.12,2535,48|81,0.139
"B. K–8, 0 – 400",Bergen,80,Alpine Boro,2574,57|77,0.084,2719,63|80,0.095,3745,72|81,0.115
"B. K–8, 0 – 400",Bergen,2090,Haworth Boro,2641,60|77,0.126,2281,55|80,0.109,2734,54|81,0.117
"B. K–8, 0 – 400",Bergen,3350,Moonachie Boro,1488,13|77,0.083,1505,14|80,0.087,1822,20|81,0.102
"B. K–8, 0 – 400",Bergen,4870,South Hackensack Twp,2447,49|77,0.142,2824,67|80,0.153,2977,60|81,0.152
"B. K–8, 0 – 400",Burlington,380,Beverly City,1845,30|77,0.112,1682,26|80,0.099,1990,27|81,0.104
"B. K–8, 0 – 400",Burlington,1030,Delanco Twp,1820,30|77,0.127,1808,34|80,0.124,2302,39|81,0.145
"B. K–8, 0 – 400",Burlington,3540,New Hanover Twp,2481,50|77,0.11,2369,58|80,0.109,2324,40|81,0.124
"B. K–8, 0 – 400",Burlington,4460,Riverton,1572,19|77,0.107,1560,16|80,0.108,1714,18|81,0.109
"B. K–8, 0 – 400",Burlington,5890,Woodland Twp,1621,23|77,0.086,1491,13|80,0.076,1850,23|81,0.092
"B. K–8, 0 – 400",Camden,580,Brooklawn Boro,1032,1|77,0.073,932,1|80,0.064,1148,2|81,0.073
"B. K–8, 0 – 400",Camden,1720,Gibbsboro Boro,1242,4|77,0.082,1279,7|80,0.078,1365,5|81,0.092
"B. K–8, 0 – 400",Camden,2560,Lawnside Boro,1627,24|77,0.105,1698,28|80,0.115,1841,21|81,0.118
"B. K–8, 0 – 400",Camden,2890,Magnolia Boro,1390,8|77,0.08,1411,10|80,0.082,1988,26|81,0.095
"B. K–8, 0 – 400",Camden,5900,Woodlynne Boro,1063,2|77,0.077,1146,3|80,0.082,1624,13|81,0.084
"B. K–8, 0 – 400",Cape May,170,Avalon Boro,5400,76|77,0.163,5208,81|80,0.157,5453,80|81,0.156
"B. K–8, 0 – 400",Cape May,3680,North Wildwood City,3348,69|77,0.114,4426,77|80,0.142,5467,81|81,0.14
"B. K–8, 0 – 400",Cape May,5060,Stone Harbor Boro,3126,65|77,0.129,3678,75|80,0.136,3685,69|81,0.136
"B. K–8, 0 – 400",Cape May,5800,Wildwood Crest Boro,3505,70|77,0.136,3916,76|80,0.146,3704,70|81,0.128
"B. K–8, 0 – 400",Cape May,5840,Woodbine Boro,1423,10|77,0.087,1637,24|80,0.1,1196,3|81,0.068
"B. K–8, 0 – 400",Cumberland,1020,Deerfield Twp,2402,48|77,0.142,1952,39|80,0.106,2128,36|81,0.116
"B. K–8, 0 – 400",Cumberland,1120,Downe Twp,2077,37|77,0.121,1645,25|80,0.099,1921,24|81,0.107
"B. K–8, 0 – 400",Cumberland,1820,Greenwich Twp,2143,39|77,0.099,1772,32|80,0.118,2069,32|81,0.109
"B. K–8, 0 – 400",Cumberland,3050,Maurice River Twp,2186,52|77,0.162,1819,35|80,0.139,2031,29|81,0.135
"B. K–8, 0 – 400",Cumberland,5070,Stow Creek Twp,1579,20|77,0.1,1440,11|80,0.093,2879,58|81,0.17
"B. K–8, 0 – 400",Gloucester,1830,Greenwich Twp,4250,67|77,0.195,4542,78|80,0.223,3254,65|81,0.165
"B. K–8, 0 – 400",Hudson,1200,East Newark Boro,1562,17|77,0.128,1404,9|80,0.119,1297,4|81,0.127
"B. K–8, 0 – 400",Hunterdon,370,Bethlehem Twp,3285,67|77,0.137,2702,62|80,0.118,4104,76|81,0.173
"B. K–8, 0 – 400",Hunterdon,430,Bloomsbury Boro,2197,42|77,0.106,2137,50|80,0.094,3209,64|81,0.12
"B. K–8, 0 – 400",Hunterdon,670,Califon Boro,2523,54|77,0.08,2824,67|80,0.093,3784,73|81,0.109
"B. K–8, 0 – 400",Hunterdon,910,Clinton-Glen Gardner,1569,18|77,0.083,1587,20|80,0.088,1560,10|81,0.081
"B. K–8, 0 – 400",Hunterdon,1040,Delaware Twp,2236,45|77,0.106,2490,59|80,0.12,2640,52|81,0.118
"B. K–8, 0 – 400",Hunterdon,1160,East Amwell Twp,2163,40|77,0.11,2042,46|80,0.102,2221,38|81,0.104
"B. K–8, 0 – 400",Hunterdon,1600,Franklin Twp,2879,63|77,0.15,2899,69|80,0.156,3684,68|81,0.175
"B. K–8, 0 – 400",Hunterdon,1680,Frenchtown Boro,2512,53|77,0.118,2017,44|80,0.098,2051,30|81,0.103
"B. K–8, 0 – 400",Hunterdon,1970,Hampton Boro,2651,61|77,0.118,2721,64|80,0.099,3049,61|81,0.13
"B. K–8, 0 – 400",Hunterdon,2140,High Bridge Boro,2171,41|77,0.108,2255,53|80,0.113,2572,50|81,0.11
"B. K–8, 0 – 400",Hunterdon,2450,Kingwood Twp,2035,35|77,0.113,1890,37|80,0.112,2482,46|81,0.113
"B. K–8, 0 – 400",Hunterdon,5270,Union Twp,2388,59|77,0.125,2522,60|80,0.14,3489,67|81,0.166
"B. K–8, 0 – 400",Monmouth,180,Avon Boro,1719,27|77,0.085,1965,40|80,0.082,2357,42|81,0.096
"B. K–8, 0 – 400",Monmouth,500,Bradley Beach Boro,2596,59|77,0.141,3192,71|80,0.156,2501,47|81,0.122
"B. K–8, 0 – 400",Monmouth,1000,Deal Boro,3707,73|77,0.177,4890,80|80,0.208,4423,78|81,0.186
"B. K–8, 0 – 400",Monmouth,1490,Farmingdale Boro,1829,29|77,0.103,1571,18|80,0.091,1693,17|81,0.089
"B. K–8, 0 – 400",Monmouth,3250,Monmouth Beach Boro,1964,34|77,0.107,1725,29|80,0.093,1592,12|81,0.09
"B. K–8, 0 – 400",Monmouth,3500,Neptune City,1554,16|77,0.086,1272,6|80,0.075,1842,22|81,0.085
"B. K–8, 0 – 400",Monmouth,4690,Sea Girt Boro,3510,71|77,0.15,2797,65|80,0.123,3864,75|81,0.144
"B. K–8, 0 – 400",Monmouth,4980,Spring Lake Boro,3222,66|77,0.113,4603,79|80,0.138,3716,71|81,0.145
"B. K–8, 0 – 400",Monmouth,4990,Spring Lake Heights Boro,1705,26|77,0.107,1783,33|80,0.113,2846,56|81,0.147
"B. K–8, 0 – 400",Morris,460,Boonton Twp,1862,32|77,0.098,1874,36|80,0.096,2119,35|81,0.109
"B. K–8, 0 – 400",Morris,2010,Harding Township,3650,72|77,0.149,3476,73|80,0.135,4111,77|81,0.147
"B. K–8, 0 – 400",Morris,3410,Mount Arlington Boro,2561,56|77,0.136,2360,57|80,0.124,2550,49|81,0.124
"B. K–8, 0 – 400",Morris,3520,Netcong Boro,1348,7|77,0.091,1552,15|80,0.092,1674,15|81,0.098
"B. K–8, 0 – 400",Morris,4440,Riverdale Boro,1472,11|77,0.097,1580,19|80,0.102,2149,37|81,0.114
"B. K–8, 0 – 400",Ocean,210,Bay Head Boro,3715,74|77,0.171,3674,74|80,0.166,3851,74|81,0.166
"B. K–8, 0 – 400",Ocean,2500,Lakehurst Boro,1396,9|77,0.079,1200,5|80,0.079,1122,1|81,0.076
"B. K–8, 0 – 400",Ocean,2550,Lavallette Boro,2589,58|77,0.124,2137,50|80,0.114,2755,55|81,0.128
"B. K–8, 0 – 400",Salem,60,Alloway Twp,1141,3|77,0.09,1159,4|80,0.09,1398,7|81,0.096
"B. K–8, 0 – 400",Salem,1350,Elsinboro Twp,1514,14|77,0.096,1753,31|80,0.105,2064,31|81,0.114
"B. K–8, 0 – 400",Salem,2800,Lower Alloways Creek,2202,43|77,0.125,2028,45|80,0.116,2870,57|81,0.134
"B. K–8, 0 – 400",Salem,2950,Mannington Twp,1475,12|77,0.098,1129,2|80,0.085,1384,6|81,0.092
"B. K–8, 0 – 400",Salem,3860,Oldmans Twp,1811,28|77,0.127,1588,21|80,0.112,1799,19|81,0.119
"B. K–8, 0 – 400",Salem,4280,Quinton Twp,1643,25|77,0.117,1733,30|80,0.117,1985,25|81,0.129
"B. K–8, 0 – 400",Salem,5320,Upper Pittsgrove Twp,1533,15|77,0.095,1635,23|80,0.108,1990,27|81,0.115
"B. K–8, 0 – 400",Sussex,1800,Green Twp,2562,63|77,0.138,2271,54|80,0.121,2349,41|81,0.123
"B. K–8, 0 – 400",Sussex,1930,Hamburg Boro,2762,62|77,0.127,2637,61|80,0.133,3306,66|81,0.14
"B. K–8, 0 – 400",Sussex,2490,Lafayette Twp,2287,46|77,0.118,2015,43|80,0.106,2673,53|81,0.127
"B. K–8, 0 – 400",Sussex,3300,Montague Twp,2398,47|77,0.114,2000,42|80,0.098,3143,62|81,0.135
"B. K–8, 0 – 400",Sussex,3840,Ogdensburg Boro,2498,52|77,0.14,1941,38|80,0.119,2420,44|81,0.13
"B. K–8, 0 – 400",Sussex,5030,Stanhope Boro,1917,33|77,0.105,1567,17|80,0.089,1671,14|81,0.089
"B. K–8, 0 – 400",Union,1710,Garwood Boro,2110,38|77,0.149,2343,56|80,0.154,2084,33|81,0.138
"B. K–8, 0 – 400",Union,5810,Winfield Twp,2205,44|77,0.115,2804,66|80,0.135,2583,51|81,0.124
"B. K–8, 0 – 400",Warren,70,Alpha Boro,1595,22|77,0.101,1697,27|80,0.1,1591,11|81,0.09
"B. K–8, 0 – 400",Warren,2040,Harmony Twp,2495,51|77,0.129,2223,52|80,0.116,3176,63|81,0.14
"B. K–8, 0 – 400",Warren,2250,Hope Twp,3338,68|77,0.144,2946,70|80,0.127,2891,59|81,0.13
"B. K–8, 0 – 400",Warren,3890,Oxford Twp,1276,5|77,0.079,1340,8|80,0.08,1450,8|81,0.08
"B. K–8, 0 – 400",Warren,4200,Pohatcong Twp,2074,36|77,0.122,1993,41|80,0.125,2359,43|81,0.135
"B. K–8, 0 – 400",Warren,5780,White Twp,1846,31|77,0.096,2134,49|80,0.109,2092,34|81,0.096
"C. K–8, 401 – 750",Statewide,N.A.,1. State average - Operating Type K-8,1802,N.A.,0.109,1785,N.A.,0.108,2041,N.A.,0.113
"C. K–8, 401 – 750",Statewide,N.A.,2. State median - Operating Type K-8,1862,N.A.,0.11,1797,N.A.,0.107,2051,N.A.,0.11
"C. K–8, 401 – 750",Statewide,N.A.,5. State average - All operating types,1939,N.A.,0.12,1924,N.A.,0.118,2096,N.A.,0.12
"C. K–8, 401 – 750",Statewide,N.A.,6. State median - All operating types,1911,N.A.,0.118,1869,N.A.,0.115,2001,N.A.,0.114
"C. K–8, 401 – 750",Atlantic,570,Brigantine City,2921,66|67,0.118,3218,63|64,0.123,4041,62|63,0.139
"C. K–8, 401 – 750",Atlantic,1300,Egg Harbor City,2195,53|67,0.15,2109,48|64,0.132,2451,52|63,0.135
"C. K–8, 401 – 750",Atlantic,3480,Mullica Twp,1540,20|67,0.113,1715,28|64,0.119,1990,33|63,0.124
"C. K–8, 401 – 750",Atlantic,5350,Ventnor City,2157,49|67,0.107,2223,52|64,0.106,2437,51|63,0.111
"C. K–8, 401 – 750",Bergen,740,Carlstadt Boro,2066,45|67,0.124,2381,59|64,0.135,2510,53|63,0.127
"C. K–8, 401 – 750",Bergen,1070,Demarest Boro,1929,41|67,0.103,1886,37|64,0.1,2325,48|63,0.107
"C. K–8, 401 – 750",Bergen,1380,Englewood Cliffs Boro,2248,56|67,0.105,2236,53|64,0.102,2688,55|63,0.115
"C. K–8, 401 – 750",Bergen,2050,Harrington Park Boro,1821,31|67,0.095,1734,30|64,0.088,1841,24|63,0.088
"C. K–8, 401 – 750",Bergen,2200,Ho Ho Kus Boro,1478,14|67,0.095,1424,13|64,0.09,1624,14|63,0.094
"C. K–8, 401 – 750",Bergen,3730,Northvale Boro,1500,16|67,0.09,1568,20|64,0.096,1572,11|63,0.088
"C. K–8, 401 – 750",Bergen,3740,Norwood Boro,1608,25|67,0.11,1579,22|64,0.107,1715,19|63,0.112
"C. K–8, 401 – 750",Bergen,3850,Old Tappan Boro,1544,21|67,0.091,1575,21|64,0.091,2287,47|63,0.111
"C. K–8, 401 – 750",Bergen,4470,Rochelle Park Twp,1723,28|67,0.102,1475,16|64,0.089,1348,7|63,0.075
"C. K–8, 401 – 750",Bergen,5880,Woodcliff Lake Boro,2201,54|67,0.118,2520,60|64,0.126,2686,54|63,0.126
"C. K–8, 401 – 750",Burlington,1250,Eastampton Twp,1439,12|67,0.102,1453,14|64,0.098,1371,8|63,0.092
"C. K–8, 401 – 750",Burlington,1910,Hainesport Twp,1376,10|67,0.095,1364,11|64,0.094,1719,20|63,0.099
"C. K–8, 401 – 750",Burlington,3070,Medford Lakes Boro,1180,6|67,0.087,1213,5|64,0.09,1453,9|63,0.099
"C. K–8, 401 – 750",Burlington,4740,Shamong Twp,2049,43|67,0.126,2048,45|64,0.125,2434,50|63,0.129
"C. K–8, 401 – 750",Burlington,4930,Southampton Township School District,1841,33|67,0.112,2145,50|64,0.127,1954,26|63,0.11
"C. K–8, 401 – 750",Burlington,5130,Tabernacle Twp,2139,48|67,0.122,2046,44|64,0.122,1979,32|63,0.106
"C. K–8, 401 – 750",Camden,190,Barrington Boro,1533,18|67,0.1,1608,26|64,0.107,1674,18|63,0.097
"C. K–8, 401 – 750",Camden,340,Berlin Twp,1517,17|67,0.084,1254,7|64,0.075,1093,2|63,0.087
"C. K–8, 401 – 750",Camden,880,Clementon Boro,953,1|67,0.068,1035,2|64,0.075,1062,1|63,0.076
"C. K–8, 401 – 750",Camden,3110,Merchantville Boro,1171,5|67,0.096,1269,9|64,0.101,2013,34|63,0.132
"C. K–8, 401 – 750",Camden,3420,Mount Ephraim Boro,1211,7|67,0.083,1262,8|64,0.083,1956,27|63,0.113
"C. K–8, 401 – 750",Camden,4790,Somerdale Boro,1451,13|67,0.097,1376,12|64,0.092,1805,22|63,0.105
"C. K–8, 401 – 750",Cape May,1080,Dennis Twp,2736,64|67,0.13,2288,56|64,0.129,2179,43|63,0.124
"C. K–8, 401 – 750",Cumberland,950,Commercial Twp,1496,15|67,0.115,2065,47|64,0.137,2284,46|63,0.152
"C. K–8, 401 – 750",Cumberland,1460,Fairfield Twp,971,2|67,0.07,1170,4|64,0.082,1320,6|63,0.101
"C. K–8, 401 – 750",Cumberland,2270,Hopewell Twp,1580,23|67,0.125,1598,23|64,0.119,1875,25|63,0.122
"C. K–8, 401 – 750",Cumberland,2570,Lawrence Twp,1122,4|67,0.086,1045,3|64,0.08,1245,4|63,0.087
"C. K–8, 401 – 750",Hunterdon,20,Alexandria Twp,2303,58|67,0.118,1545,18|64,0.081,2176,41|63,0.109
"C. K–8, 401 – 750",Hunterdon,2220,Holland Twp,1912,40|67,0.103,2158,51|64,0.118,2888,60|63,0.142
"C. K–8, 401 – 750",Hunterdon,2600,Lebanon Twp,1869,34|67,0.098,2023,43|64,0.106,2031,36|63,0.094
"C. K–8, 401 – 750",Hunterdon,5180,Tewksbury Twp,2783,65|67,0.127,2844,61|64,0.126,3028,61|63,0.113
"C. K–8, 401 – 750",Middlesex,970,Cranbury Twp,2486,62|67,0.112,2264,55|64,0.103,1971,31|63,0.125
"C. K–8, 401 – 750",Middlesex,2370,Jamesburg Boro,1033,3|67,0.081,1032,1|64,0.078,1214,3|63,0.082
"C. K–8, 401 – 750",Monmouth,270,Belmar Boro,1573,22|67,0.094,1468,15|64,0.097,1559,10|63,0.095
"C. K–8, 401 – 750",Monmouth,560,Brielle Boro,2165,50|67,0.14,1920,40|64,0.122,2210,44|63,0.124
"C. K–8, 401 – 750",Monmouth,3830,Oceanport Boro,2054,44|67,0.117,1600,24|64,0.091,1829,23|63,0.1
"C. K–8, 401 – 750",Monmouth,4770,Shrewsbury Boro,1608,25|67,0.095,1783,34|64,0.103,1584,12|63,0.087
"C. K–8, 401 – 750",Monmouth,5230,Union Beach,1539,19|67,0.107,1763,31|64,0.119,1629,15|63,0.118
"C. K–8, 401 – 750",Monmouth,5640,West Long Branch Boro,1708,27|67,0.103,1893,38|64,0.116,1960,29|63,0.109
"C. K–8, 401 – 750",Morris,3090,Mendham Boro,1898,37|67,0.111,1779,33|64,0.099,2015,35|63,0.102
"C. K–8, 401 – 750",Morris,3100,Mendham Twp,2479,61|67,0.12,2056,46|64,0.094,2692,56|63,0.121
"C. K–8, 401 – 750",Morris,3380,Morris Plains Boro,1911,39|67,0.097,1557,19|64,0.101,2145,40|63,0.111
"C. K–8, 401 – 750",Morris,4480,Rockaway Boro,1904,38|67,0.116,1700,27|64,0.102,1755,21|63,0.088
"C. K–8, 401 – 750",Morris,5770,Wharton Boro,1241,9|67,0.078,1251,6|64,0.076,2329,49|63,0.117
"C. K–8, 401 – 750",Passaic,420,Bloomingdale Boro,2284,57|67,0.121,2142,49|64,0.115,2781,58|63,0.129
"C. K–8, 401 – 750",Passaic,3640,North Haledon Boro,1793,29|67,0.119,1774,32|64,0.12,1650,17|63,0.108
"C. K–8, 401 – 750",Somerset,240,Bedminster Twp,1873,35|67,0.094,1987,42|64,0.1,2231,45|63,0.096
"C. K–8, 401 – 750",Somerset,1810,Green Brook Twp,1707,34|67,0.096,1732,29|64,0.099,1965,30|63,0.102
"C. K–8, 401 – 750",Somerset,4850,South Bound Brook,2126,46|67,0.131,1797,35|64,0.11,1599,13|63,0.108
"C. K–8, 401 – 750",Somerset,5540,Watchung Boro,2246,55|67,0.119,1908,39|64,0.101,2095,39|63,0.109
"C. K–8, 401 – 750",Sussex,90,Andover Reg,2132,47|67,0.113,2241,54|64,0.11,4390,63|63,0.182
"C. K–8, 401 – 750",Sussex,1560,Frankford Twp,1883,36|67,0.102,2896,62|64,0.145,2051,37|63,0.104
"C. K–8, 401 – 750",Sussex,1570,Franklin Boro,2167,51|67,0.117,2375,58|64,0.127,2872,59|63,0.123
"C. K–8, 401 – 750",Sussex,2030,Hardyston Twp,1835,32|67,0.124,1862,36|64,0.124,2178,42|63,0.129
"C. K–8, 401 – 750",Union,3470,Mountainside Boro,1437,11|67,0.102,1515,17|64,0.104,1642,16|63,0.105
"C. K–8, 401 – 750",Warren,30,Allamuchy Twp,1939,42|67,0.134,1986,41|64,0.132,2089,38|63,0.127
"C. K–8, 401 – 750",Warren,1785,Great Meadows Regional,2417,60|67,0.13,2324,57|64,0.126,2701,57|63,0.132
"C. K–8, 401 – 750",Warren,1840,Greenwich Twp,1234,8|67,0.095,1287,10|64,0.097,1283,5|63,0.092
"C. K–8, 401 – 750",Warren,2790,Lopatcong Twp,1591,24|67,0.128,1603,25|64,0.131,1956,27|63,0.136
"D. K–8, 751 +",Statewide,N.A.,1. State average - Operating Type K-8,1802,N.A.,0.109,1785,N.A.,0.108,2041,N.A.,0.113
"D. K–8, 751 +",Statewide,N.A.,2. State median - Operating Type K-8,1862,N.A.,0.11,1797,N.A.,0.107,2051,N.A.,0.11
"D. K–8, 751 +",Statewide,N.A.,5. State average - All operating types,1939,N.A.,0.12,1924,N.A.,0.118,2096,N.A.,0.12
"D. K–8, 751 +",Statewide,N.A.,6. State median - All operating types,1911,N.A.,0.118,1869,N.A.,0.115,2001,N.A.,0.114
"D. K–8, 751 +",Atlantic,10,Absecon City,1122,4|74,0.087,1090,3|73,0.08,1211,4|73,0.078
"D. K–8, 751 +",Atlantic,1690,Galloway Twp,1599,29|74,0.1,1687,33|73,0.101,1681,23|73,0.093
"D. K–8, 751 +",Atlantic,1940,Hamilton Twp,1384,16|74,0.102,1316,11|73,0.094,1543,15|73,0.101
"D. K–8, 751 +",Atlantic,2680,Linwood City,1902,48|74,0.117,1731,37|73,0.109,2160,47|73,0.121
"D. K–8, 751 +",Atlantic,3720,Northfield City,1168,6|74,0.08,1222,7|73,0.085,1310,7|73,0.083
"D. K–8, 751 +",Atlantic,4800,Somers Point City,1845,44|74,0.108,1891,52|73,0.108,2170,49|73,0.109
"D. K–8, 751 +",Bergen,40,Allendale Boro,1825,42|74,0.111,1797,41|73,0.111,2473,63|73,0.127
"D. K–8, 751 +",Bergen,930,Closter Boro,1450,20|74,0.096,1391,18|73,0.091,1614,19|73,0.099
"D. K–8, 751 +",Bergen,1230,East Rutherford Boro,1677,33|74,0.092,1641,30|73,0.084,1909,35|73,0.094
"D. K–8, 751 +",Bergen,1470,Fairview Boro,1168,6|74,0.116,1236,8|73,0.12,1578,17|73,0.127
"D. K–8, 751 +",Bergen,1580,Franklin Lakes Boro,2671,73|74,0.113,2791,72|73,0.112,2458,62|73,0.093
"D. K–8, 751 +",Bergen,2180,Hillsdale Boro,1928,51|74,0.104,1931,55|73,0.103,2510,64|73,0.117
"D. K–8, 751 +",Bergen,2710,Little Ferry Boro,2040,57|74,0.132,2160,64|73,0.136,1579,18|73,0.119
"D. K–8, 751 +",Bergen,3060,Maywood Boro,1516,24|74,0.11,1417,19|73,0.099,1469,11|73,0.1
"D. K–8, 751 +",Bergen,3330,Montvale Boro,1377,15|74,0.089,1324,12|73,0.085,1486,12|73,0.086
"D. K–8, 751 +",Bergen,3760,Oakland Boro,1910,49|74,0.095,1966,57|73,0.096,2120,45|73,0.098
"D. K–8, 751 +",Bergen,4430,River Vale Twp,2113,62|74,0.117,2043,61|73,0.111,2209,51|73,0.11
"D. K–8, 751 +",Bergen,5330,Upper Saddle River Boro,2243,67|74,0.121,2369,70|73,0.122,2808,70|73,0.128
"D. K–8, 751 +",Bergen,5920,Wyckoff Twp,1913,50|74,0.104,1854,47|73,0.102,2204,50|73,0.11
"D. K–8, 751 +",Burlington,1280,Edgewater Park Twp,1143,5|74,0.081,1146,6|73,0.081,1272,6|73,0.091
"D. K–8, 751 +",Burlington,1420,Evesham Twp,1744,39|74,0.111,1763,39|73,0.112,1788,24|73,0.11
"D. K–8, 751 +",Burlington,2850,Lumberton Twp,2132,63|74,0.135,1928,54|73,0.118,2637,67|73,0.139
"D. K–8, 751 +",Burlington,3080,Medford Twp,1737,38|74,0.103,1650,31|73,0.099,1801,27|73,0.102
"D. K–8, 751 +",Burlington,3430,Mount Holly Twp,2567,71|74,0.167,2108,62|73,0.135,2708,68|73,0.147
"D. K–8, 751 +",Burlington,3440,Mount Laurel Twp,1492,23|74,0.102,1510,24|73,0.102,1667,22|73,0.107
"D. K–8, 751 +",Burlington,5720,Westampton,1400,17|74,0.12,1367,15|73,0.109,1547,16|73,0.114
"D. K–8, 751 +",Camden,260,Bellmawr Boro,1063,3|74,0.085,1127,5|73,0.084,1163,3|73,0.08
"D. K–8, 751 +",Camden,330,Berlin Boro,989,1|74,0.078,1122,4|73,0.087,1087,2|73,0.079
"D. K–8, 751 +",Camden,1780,Gloucester Twp,1228,9|74,0.089,1334,14|73,0.095,1340,9|73,0.09
"D. K–8, 751 +",Camden,4590,Runnemede Boro,1627,31|74,0.108,1606,27|73,0.106,1805,28|73,0.105
"D. K–8, 751 +",Camden,5080,Stratford Boro,1429,18|74,0.106,1385,16|73,0.099,1795,25|73,0.105
"D. K–8, 751 +",Camden,5400,Voorhees Twp,1547,27|74,0.106,1435,20|73,0.098,1850,31|73,0.107
"D. K–8, 751 +",Cape May,5340,Upper Twp,1893,47|74,0.13,2262,67|73,0.158,2333,57|73,0.142
"D. K–8, 751 +",Cumberland,5300,Upper Deerfield Twp,2059,59|74,0.133,1837,45|73,0.113,2160,47|73,0.126
"D. K–8, 751 +",Gloucester,2750,Logan Twp,1794,40|74,0.113,1727,36|73,0.106,1797,26|73,0.106
"D. K–8, 751 +",Hudson,1850,Guttenberg Town,1279,11|74,0.103,1283,10|73,0.1,1858,32|73,0.128
"D. K–8, 751 +",Hunterdon,920,Clinton Twp,2457,70|74,0.128,2178,66|73,0.11,1979,40|73,0.098
"D. K–8, 751 +",Hunterdon,1510,Flemington-Raritan Reg,1958,53|74,0.112,1844,46|73,0.106,2004,41|73,0.111
"D. K–8, 751 +",Hunterdon,4350,Readington Twp,1730,37|74,0.093,1803,42|73,0.095,2103,43|73,0.099
"D. K–8, 751 +",Middlesex,3220,Milltown Boro,1444,19|74,0.099,1388,17|73,0.098,1631,20|73,0.106
"D. K–8, 751 +",Monmouth,945,Colts Neck Twp,2419,69|74,0.111,2332,69|73,0.107,3247,73|73,0.137
"D. K–8, 751 +",Monmouth,1260,Eatontown Boro,2204,65|74,0.12,1966,57|73,0.111,2446,60|73,0.137
"D. K–8, 751 +",Monmouth,1440,Fair Haven Boro,1938,52|74,0.131,1833,44|73,0.124,1891,33|73,0.117
"D. K–8, 751 +",Monmouth,1640,Freehold Boro,1196,8|74,0.091,1333,13|73,0.092,1314,8|73,0.085
"D. K–8, 751 +",Monmouth,1660,Freehold Twp,1716,35|74,0.102,1759,38|73,0.103,2116,44|73,0.11
"D. K–8, 751 +",Monmouth,2290,Howell Twp,1969,54|74,0.12,1861,48|73,0.114,2742,69|73,0.147
"D. K–8, 751 +",Monmouth,2720,Little Silver Boro,1364,13|74,0.092,1523,25|73,0.1,1659,21|73,0.097
"D. K–8, 751 +",Monmouth,2920,Manalapan-Englishtown Reg,1839,43|74,0.128,2009,59|73,0.139,2237,53|73,0.138
"D. K–8, 751 +",Monmouth,3030,Marlboro Twp,1996,55|74,0.124,1880,49|73,0.119,2258,54|73,0.135
"D. K–8, 751 +",Monmouth,3200,Millstone Twp,2665,72|74,0.142,2807,73|73,0.15,2965,72|73,0.15
"D. K–8, 751 +",Monmouth,4360,Red Bank Boro,1654,32|74,0.108,1936,56|73,0.122,1816,29|73,0.103
"D. K–8, 751 +",Monmouth,4570,Rumson Boro,1489,22|74,0.094,1640,29|73,0.103,1840,30|73,0.105
"D. K–8, 751 +",Monmouth,5185,Tinton Falls,1365,14|74,0.08,1478,23|73,0.085,2046,42|73,0.106
"D. K–8, 751 +",Morris,820,Chester Twp,2135,64|74,0.125,2026,60|73,0.118,2456,61|73,0.128
"D. K–8, 751 +",Morris,1090,Denville Twp,1518,26|74,0.095,1677,32|73,0.096,1956,38|73,0.104
"D. K–8, 751 +",Morris,1190,East Hanover Twp,3121,74|74,0.152,2175,65|73,0.109,2434,59|73,0.117
"D. K–8, 751 +",Morris,1530,Florham Park Boro,1997,56|74,0.114,2140,63|73,0.119,2300,56|73,0.12
"D. K–8, 751 +",Morris,2000,Hanover Twp,2270,68|74,0.125,2268,68|73,0.122,2510,64|73,0.127
"D. K–8, 751 +",Morris,2650,Lincoln Park Boro,1481,21|74,0.105,1454,22|73,0.1,1521,14|73,0.098
"D. K–8, 751 +",Morris,4000,Long Hill Twp,2204,65|74,0.124,1790,40|73,0.11,2522,66|73,0.135
"D. K–8, 751 +",Morris,4490,Rockaway Twp,1875,45|74,0.1,1830,43|73,0.1,2218,52|73,0.108
"D. K–8, 751 +",Morris,5520,Washington Twp,2107,61|74,0.111,1915,53|73,0.105,2120,45|73,0.11
"D. K–8, 751 +",Passaic,1920,Haledon Boro,995,2|74,0.074,935,2|73,0.07,980,1|73,0.067
"D. K–8, 751 +",Passaic,2700,Little Falls Twp,1313,12|74,0.082,841,1|73,0.075,1405,10|73,0.079
"D. K–8, 751 +",Passaic,4270,Prospect Park Boro,1254,10|74,0.104,1271,9|73,0.095,1234,5|73,0.085
"D. K–8, 751 +",Passaic,4400,Ringwood Boro,1723,36|74,0.095,1721,34|73,0.091,1893,34|73,0.091
"D. K–8, 751 +",Passaic,5200,Totowa Boro,1881,46|74,0.132,1890,51|73,0.135,2267,55|73,0.126
"D. K–8, 751 +",Passaic,5440,Wanaque Boro,1554,28|74,0.087,1448,21|73,0.084,1490,13|73,0.082
"D. K–8, 751 +",Passaic,5690,Woodland Park,1600,30|74,0.109,1722,35|73,0.112,1951,37|73,0.113
"D. K–8, 751 +",Somerset,510,Branchburg Twp,1516,24|74,0.083,1539,26|73,0.081,1967,39|73,0.095
"D. K–8, 751 +",Somerset,5470,Warren Twp,2101,60|74,0.093,2416,71|73,0.101,2823,71|73,0.109
"D. K–8, 751 +",Sussex,640,Byram Twp,1805,41|74,0.11,1617,28|73,0.098,1950,36|73,0.113
"D. K–8, 751 +",Sussex,5100,Sussex-Wantage Regional,2054,58|74,0.104,1881,50|73,0.101,2420,58|73,0.118
"E. K–12, 0 – 1800",Statewide,N.A.,1. State average - Operating Type K-12,1869,N.A.,0.118,1864,N.A.,0.115,2055,N.A.,0.119
"E. K–12, 0 – 1800",Statewide,N.A.,2. State median - Operating Type K-12,1733,N.A.,0.11,1727,N.A.,0.109,1885,N.A.,0.111
"E. K–12, 0 – 1800",Statewide,N.A.,5. State average - All operating types,1939,N.A.,0.12,1924,N.A.,0.118,2096,N.A.,0.12
"E. K–12, 0 – 1800",Statewide,N.A.,6. State median - All operating types,1911,N.A.,0.118,1869,N.A.,0.115,2001,N.A.,0.114
"E. K–12, 0 – 1800",Atlantic,590,Buena Regional,2361,45|50,0.135,1914,38|52,0.111,2087,35|52,0.112
"E. K–12, 0 – 1800",Bergen,440,Bogota Boro,1606,16|50,0.1,1686,21|52,0.103,1929,26|52,0.107
"E. K–12, 0 – 1800",Bergen,990,Cresskill Boro,1322,N.A.,0.088,1341,7|52,0.087,1394,4|52,0.083
"E. K–12, 0 – 1800",Bergen,1360,Emerson Boro,1666,19|50,0.109,1859,33|52,0.107,1979,29|52,0.115
"E. K–12, 0 – 1800",Bergen,2080,Hasbrouck Heights Boro,1924,33|50,0.121,2087,43|52,0.13,1697,15|52,0.099
"E. K–12, 0 – 1800",Bergen,3170,Midland Park Boro,2147,40|50,0.102,2141,45|52,0.098,2193,43|52,0.1
"E. K–12, 0 – 1800",Bergen,3910,Palisades Park,1168,3|50,0.083,1088,2|52,0.085,1124,1|52,0.087
"E. K–12, 0 – 1800",Bergen,3940,Park Ridge Boro,2245,42|50,0.105,1907,37|52,0.09,2192,42|52,0.095
"E. K–12, 0 – 1800",Bergen,4370,Ridgefield Boro,1731,23|50,0.083,1751,28|52,0.084,1871,23|52,0.082
"E. K–12, 0 – 1800",Bergen,4610,Saddle Brook Twp,1735,24|50,0.107,1739,25|52,0.108,1846,21|52,0.11
"E. K–12, 0 – 1800",Bergen,5410,Waldwick Boro,1399,8|50,0.086,1361,9|52,0.084,1500,9|52,0.086
"E. K–12, 0 – 1800",Bergen,5430,Wallington Boro,1691,20|50,0.131,1459,16|52,0.115,2078,34|52,0.146
"E. K–12, 0 – 1800",Bergen,5830,Wood-Ridge Boro,1369,6|50,0.099,1343,8|52,0.095,1406,5|52,0.097
"E. K–12, 0 – 1800",Burlington,600,Burlington City,2165,41|50,0.113,1734,24|52,0.104,2063,33|52,0.112
"E. K–12, 0 – 1800",Burlington,1520,Florence Twp,1825,28|50,0.131,1876,35|52,0.133,2045,32|52,0.136
"E. K–12, 0 – 1800",Burlington,3920,Palmyra Boro,1947,35|50,0.13,2025,42|52,0.132,2221,44|52,0.13
"E. K–12, 0 – 1800",Burlington,4450,Riverside Twp,1659,18|50,0.117,1604,19|52,0.114,1739,17|52,0.113
"E. K–12, 0 – 1800",Camden,150,Audubon Public School Disrict,1414,10|50,0.096,1402,12|52,0.095,1537,11|52,0.099
"E. K–12, 0 – 1800",Camden,1880,Haddon Heights Boro,1383,7|50,0.097,1367,10|52,0.096,1633,14|52,0.106
"E. K–12, 0 – 1800",Cape May,5790,Wildwood City,1699,22|50,0.089,1463,17|52,0.078,1803,20|52,0.09
"E. K–12, 0 – 1800",Essex,760,Cedar Grove Twp,2050,38|50,0.127,2020,41|52,0.121,2184,41|52,0.127
"E. K–12, 0 – 1800",Gloucester,860,Clayton Boro,1099,1|50,0.089,1061,1|52,0.082,1155,2|52,0.086
"E. K–12, 0 – 1800",Gloucester,4020,Paulsboro Boro,1497,14|50,0.108,1676,20|52,0.114,2146,39|52,0.125
"E. K–12, 0 – 1800",Gloucester,4140,Pitman Boro,1636,17|50,0.094,1580,18|52,0.093,2029,30|52,0.109
"E. K–12, 0 – 1800",Gloucester,5860,Woodbury City,1211,2|50,0.082,1255,4|52,0.086,1561,12|52,0.09
"E. K–12, 0 – 1800",Hudson,5580,Weehawken Twp,1414,10|50,0.09,1719,22|52,0.108,1714,16|52,0.103
"E. K–12, 0 – 1800",Hunterdon,1376,South Hunterdon Regional School District,2005,36|50,0.1,2160,46|52,0.107,2132,36|52,0.105
"E. K–12, 0 – 1800",Middlesex,1140,Dunellen Boro,1249,3|50,0.102,1409,13|52,0.108,1432,6|52,0.113
"E. K–12, 0 – 1800",Middlesex,2150,Highland Park Boro,1516,15|50,0.089,1740,26|52,0.103,1778,19|52,0.096
"E. K–12, 0 – 1800",Middlesex,4830,South Amboy City,1280,4|50,0.096,1108,3|52,0.085,1373,3|52,0.095
"E. K–12, 0 – 1800",Middlesex,4970,Spotswood Boro,1697,21|50,0.122,1817,31|52,0.126,2261,46|52,0.14
"E. K–12, 0 – 1800",Monmouth,100,Asbury Park City,4262,N.A.,0.135,4413,51|52,0.147,4291,52|52,0.144
"E. K–12, 0 – 1800",Monmouth,2400,Keansburg Boro,2348,44|50,0.114, N.R. ,N.R.,N.R.,2037,31|52,0.109
"E. K–12, 0 – 1800",Monmouth,2430,Keyport Boro,1917,32|50,0.115,1748,27|52,0.105,2242,45|52,0.119
"E. K–12, 0 – 1800",Monmouth,2930,Manasquan Boro,1902,31|50,0.114,1886,36|52,0.106,1880,25|52,0.102
"E. K–12, 0 – 1800",Morris,450,Boonton Town,1432,12|50,0.08,1313,6|52,0.072,1458,7|52,0.078
"E. K–12, 0 – 1800",Morris,630,Butler Boro,2087,39|50,0.121,2396,49|52,0.137,2515,49|52,0.128
"E. K–12, 0 – 1800",Morris,2460,Kinnelon Boro,2011,37|50,0.11,2133,44|52,0.106,2136,37|52,0.106
"E. K–12, 0 – 1800",Morris,3460,Mountain Lakes Boro,2408,46|50,0.116,2358,47|52,0.109,2369,47|52,0.098
"E. K–12, 0 – 1800",Ocean,4190,Plumsted Twp,1855,29|50,0.105,1866,34|52,0.106,2161,40|52,0.114
"E. K–12, 0 – 1800",Ocean,4220,Point Pleasant Beach Boro,2340,43|50,0.125,2377,48|52,0.127,2593,50|52,0.125
"E. K–12, 0 – 1800",Passaic,4230,Pompton Lakes Boro,1863,30|50,0.104,1760,29|52,0.101,1854,22|52,0.101
"E. K–12, 0 – 1800",Salem,4075,Pennsville,1658,N.A.,0.101,1781,30|52,0.107,1874,24|52,0.109
"E. K–12, 0 – 1800",Salem,4150,Pittsgrove Twp,1806,27|50,0.122,1854,32|52,0.118,1969,28|52,0.121
"E. K–12, 0 – 1800",Salem,4630,Salem City,1771,25|50,0.106,1307,5|52,0.1,1752,18|52,0.1
"E. K–12, 0 – 1800",Salem,5910,Woodstown-Pilesgrove Reg,1313,5|50,0.102,1374,11|52,0.107,1602,13|52,0.112
"E. K–12, 0 – 1800",Somerset,3000,Manville Boro,1927,34|50,0.14,1727,23|52,0.125,1950,27|52,0.131
"E. K–12, 0 – 1800",Somerset,4815,Somerset Hills Regional,2085,N.A.,0.117,1914,38|52,0.107,2143,38|52,0.111
"E. K–12, 0 – 1800",Sussex,2240,Hopatcong,2666,47|50,0.131,2516,50|52,0.124,2679,51|52,0.139
"E. K–12, 0 – 1800",Sussex,3590,Newton Town,1441,13|50,0.087,1455,15|52,0.087,1461,8|52,0.086
"E. K–12, 0 – 1800",Union,2420,Kenilworth Boro,1409,9|50,0.087,1410,14|52,0.085,1527,10|52,0.087
"E. K–12, 0 – 1800",Warren,280,Belvidere Town,1790,26|50,0.11,2006,40|52,0.118,2379,48|52,0.13
"F. K–12, 1801 – 3500",Statewide,N.A.,1. State average - Operating Type K-12,1869,N.A.,0.118,1864,N.A.,0.115,2055,N.A.,0.119
"F. K–12, 1801 – 3500",Statewide,N.A.,2. State median - Operating Type K-12,1733,N.A.,0.11,1727,N.A.,0.109,1885,N.A.,0.111
"F. K–12, 1801 – 3500",Statewide,N.A.,5. State average - All operating types,1939,N.A.,0.12,1924,N.A.,0.118,2096,N.A.,0.12
"F. K–12, 1801 – 3500",Statewide,N.A.,6. State median - All operating types,1911,N.A.,0.118,1869,N.A.,0.115,2001,N.A.,0.114
"F. K–12, 1801 – 3500",Atlantic,1960,Hammonton Town,1291,6|78,0.109,1328,9|75,0.108,1797,29|76,0.133
"F. K–12, 1801 – 3500",Atlantic,4180,Pleasantville City,2510,75|78,0.134,2432,72|75,0.133,2781,75|76,0.144
"F. K–12, 1801 – 3500",Bergen,890,Cliffside Park Boro,1000,1|78,0.072,982,1|75,0.07,1135,1|76,0.08
"F. K–12, 1801 – 3500",Bergen,1130,Dumont Boro,2048,60|78,0.135,1838,44|75,0.119,2014,45|76,0.125
"F. K–12, 1801 – 3500",Bergen,1345,Elmwood Park,1369,11|78,0.114,1279,6|75,0.104,1569,13|76,0.111
"F. K–12, 1801 – 3500",Bergen,1370,Englewood City,1692,34|78,0.097,1726,40|75,0.102,1849,33|76,0.101
"F. K–12, 1801 – 3500",Bergen,1760,Glen Rock Boro,1830,44|78,0.108,1871,49|75,0.11,2135,51|76,0.117
"F. K–12, 1801 – 3500",Bergen,2620,Leonia Boro,1814,43|78,0.116,1825,43|75,0.12,1981,42|76,0.123
"F. K–12, 1801 – 3500",Bergen,2740,Lodi Borough,1490,21|78,0.111,1346,11|75,0.107,1443,6|76,0.105
"F. K–12, 1801 – 3500",Bergen,2860,Lyndhurst Twp,1514,23|78,0.105,1342,10|75,0.096,1472,8|76,0.104
"F. K–12, 1801 – 3500",Bergen,2900,Mahwah Twp,2084,61|78,0.108,2158,60|75,0.111,2434,64|76,0.115
"F. K–12, 1801 – 3500",Bergen,3550,New Milford Boro,2041,58|78,0.122,2048,58|75,0.12,2276,57|76,0.125
"F. K–12, 1801 – 3500",Bergen,3600,North Arlington Boro,1681,32|78,0.136,1600,29|75,0.13,2360,61|76,0.149
"F. K–12, 1801 – 3500",Bergen,4310,Ramsey Boro,2193,67|78,0.114,1949,53|75,0.102,2476,65|76,0.108
"F. K–12, 1801 – 3500",Bergen,4380,Ridgefield Park Twp,1431,15|78,0.092,1320,8|75,0.082,1240,2|76,0.081
"F. K–12, 1801 – 3500",Bergen,4600,Rutherford Boro,1578,27|78,0.106,1552,27|75,0.102,1648,21|76,0.104
"F. K–12, 1801 – 3500",Bergen,5160,Tenafly Boro,1511,23|78,0.092,1490,20|75,0.091,1753,27|76,0.097
"F. K–12, 1801 – 3500",Bergen,5755,Westwood Regional,1851,47|78,0.106,1625,30|75,0.095,1957,41|76,0.102
"F. K–12, 1801 – 3500",Burlington,475,Bordentown Regional,1968,52|78,0.136,1912,50|75,0.126,2270,55|76,0.137
"F. K–12, 1801 – 3500",Burlington,840,Cinnaminson Twp,1638,29|78,0.107,1700,36|75,0.115,2004,44|76,0.12
"F. K–12, 1801 – 3500",Burlington,1060,Delran Twp,1439,16|78,0.108,1479,19|75,0.109,1730,26|76,0.116
"F. K–12, 1801 – 3500",Burlington,3010,Maple Shade Twp,1447,18|78,0.096,1627,31|75,0.106,1614,16|76,0.099
"F. K–12, 1801 – 3500",Burlington,5805,Willingboro Twp,2710,77|78,0.165,2503,73|75,0.158,3165,76|76,0.159
"F. K–12, 1801 – 3500",Camden,940,Collingswood Boro,1782,41|78,0.118,1662,34|75,0.11,1640,19|76,0.104
"F. K–12, 1801 – 3500",Camden,1770,Gloucester City,1773,39|78,0.131,2177,63|75,0.138,2615,72|76,0.15
"F. K–12, 1801 – 3500",Camden,1890,Haddon Twp,1759,38|78,0.119,1721,39|75,0.119,1826,32|76,0.121
"F. K–12, 1801 – 3500",Camden,1900,Haddonfield Boro,1383,12|78,0.109,1408,13|75,0.107,1647,20|76,0.117
"F. K–12, 1801 – 3500",Camden,2670,Lindenwold Boro,1326,9|78,0.102,1263,4|75,0.096,1311,4|76,0.096
"F. K–12, 1801 – 3500",Camden,4110,Pine Hill Boro,2640,76|78,0.161,2725,76|75,0.167,2738,74|76,0.15
"F. K–12, 1801 – 3500",Cape May,3130,Middle Twp,2181,64|78,0.149,1863,47|75,0.132,1540,10|76,0.106
"F. K–12, 1801 – 3500",Cape May,3780,Ocean City,2443,74|78,0.14,2253,67|75,0.129,2590,71|76,0.139
"F. K–12, 1801 – 3500",Essex,660,Caldwell-West Caldwell,1977,54|78,0.124,2220,65|75,0.14,2289,58|76,0.135
"F. K–12, 1801 – 3500",Essex,1750,Glen Ridge Boro,1403,13|78,0.09,1401,12|75,0.091,1628,18|76,0.097
"F. K–12, 1801 – 3500",Essex,5370,Verona Boro,1451,19|78,0.102,1496,22|75,0.105,1555,12|76,0.106
"F. K–12, 1801 – 3500",Gloucester,1730,Glassboro,1833,45|78,0.113,1709,37|75,0.103,1879,35|76,0.095
"F. K–12, 1801 – 3500",Gloucester,5620,West Deptford Twp,1568,25|78,0.11,1494,21|75,0.105,1803,30|76,0.109
"F. K–12, 1801 – 3500",Hudson,2060,Harrison Town,2204,69|78,0.133,2301,69|75,0.131,2073,49|76,0.124
"F. K–12, 1801 – 3500",Hudson,2210,Hoboken City,3055,78|78,0.128,2585,75|75,0.077,1886,37|76,0.118
"F. K–12, 1801 – 3500",Hudson,4730,Secaucus Town,1884,48|78,0.127,1852,46|75,0.125,1914,39|76,0.122
"F. K–12, 1801 – 3500",Mercer,1430,Ewing Twp,2264,70|78,0.129,1992,54|75,0.114,2164,52|76,0.114
"F. K–12, 1801 – 3500",Mercer,2280,Hopewell Valley Regional,2046,59|78,0.101,2027,57|75,0.099,2312,59|76,0.103
"F. K–12, 1801 – 3500",Mercer,5510,Robbinsville,1171,4|78,0.1,1302,7|75,0.105,1656,22|76,0.121
"F. K–12, 1801 – 3500",Middlesex,3120,Metuchen Boro,1442,17|78,0.099,1469,18|75,0.1,1492,9|76,0.092
"F. K–12, 1801 – 3500",Middlesex,3140,Middlesex Boro,1838,46|78,0.114,1709,37|75,0.11,1773,28|76,0.106
"F. K–12, 1801 – 3500",Middlesex,4910,South Plainfield Boro,1706,35|78,0.109,1746,41|75,0.113,1816,31|76,0.107
"F. K–12, 1801 – 3500",Middlesex,4920,South River Boro,1568,25|78,0.126,1428,15|75,0.114,1892,38|76,0.128
"F. K–12, 1801 – 3500",Monmouth,2105,Hazlet Twp,2191,65|78,0.131,2381,71|75,0.133,2548,68|76,0.14
"F. K–12, 1801 – 3500",Monmouth,2230,Holmdel Twp,2269,71|78,0.129,2302,70|75,0.13,2493,66|76,0.133
"F. K–12, 1801 – 3500",Monmouth,3810,Ocean Twp,2192,66|78,0.117,2163,61|75,0.111,2567,69|76,0.12
"F. K–12, 1801 – 3500",Monmouth,5310,Upper Freehold Regional,1691,33|78,0.113,1843,45|75,0.122,1868,34|76,0.12
"F. K–12, 1801 – 3500",Monmouth,5420,Wall Twp,2297,72|78,0.125,2185,64|75,0.119,2525,67|76,0.125
"F. K–12, 1801 – 3500",Morris,1110,Dover Town,1131,2|78,0.103,1143,2|75,0.096,1254,3|76,0.089
"F. K–12, 1801 – 3500",Morris,2380,Jefferson Twp,2200,68|78,0.123,1805,42|75,0.127,2391,62|76,0.127
"F. K–12, 1801 – 3500",Morris,2870,Madison Boro,1905,50|78,0.12,1670,35|75,0.103,2064,48|76,0.12
"F. K–12, 1801 – 3500",Morris,3340,Montville Twp,1436,18|78,0.079,1467,17|75,0.08,1715,25|76,0.086
"F. K–12, 1801 – 3500",Morris,4080,Pequannock Twp,1714,36|78,0.109,1508,23|75,0.096,2026,47|76,0.108
"F. K–12, 1801 – 3500",Morris,4560,Roxbury Twp,2036,57|78,0.119,2547,74|75,0.142,2394,63|76,0.123
"F. K–12, 1801 – 3500",Ocean,185,Barnegat Twp,1779,40|78,0.122,1916,51|75,0.13,2082,50|76,0.131
"F. K–12, 1801 – 3500",Ocean,2940,Manchester Twp,1961,51|78,0.118,1943,52|75,0.12,1884,36|76,0.113
"F. K–12, 1801 – 3500",Ocean,4210,Point Pleasant Boro,1364,10|78,0.101,1414,14|75,0.103,1625,17|76,0.111
"F. K–12, 1801 – 3500",Passaic,2100,Hawthorne Boro,1674,31|78,0.11,1650,32|75,0.107,1656,22|76,0.102
"F. K–12, 1801 – 3500",Passaic,5650,West Milford Twp,2163,63|78,0.117,2249,66|75,0.119,2639,73|76,0.129
"F. K–12, 1801 – 3500",Salem,4070,Penns Grv-Carneys Pt Reg,1751,37|78,0.124,1538,26|75,0.112,1917,40|76,0.124
"F. K–12, 1801 – 3500",Somerset,490,Bound Brook Boro,1288,5|78,0.101,1272,5|75,0.087,1463,7|76,0.098
"F. K–12, 1801 – 3500",Somerset,3670,North Plainfield Boro,1902,49|78,0.121,2126,59|75,0.128,2252,54|76,0.132
"F. K–12, 1801 – 3500",Somerset,4820,Somerville Boro,1412,14|78,0.091,1445,16|75,0.088,1598,14|76,0.088
"F. K–12, 1801 – 3500",Sussex,4960,Sparta Twp,1971,53|78,0.114,2018,56|75,0.114,2270,55|76,0.117
"F. K–12, 1801 – 3500",Sussex,5360,Vernon Twp,2344,73|78,0.122,2267,68|75,0.124,2336,60|76,0.124
"F. K–12, 1801 – 3500",Union,310,Berkeley Heights Twp,1585,28|78,0.093,1583,28|75,0.088,1709,24|76,0.09
"F. K–12, 1801 – 3500",Union,850,Clark Twp,1507,22|78,0.112,1534,25|75,0.114,2175,53|76,0.14
"F. K–12, 1801 – 3500",Union,2190,Hillside Twp,2012,55|78,0.131,2010,55|75,0.129,2578,70|76,0.151
"F. K–12, 1801 – 3500",Union,3560,New Providence Boro,1295,7|78,0.09,1214,3|75,0.083,1326,5|76,0.084
"F. K–12, 1801 – 3500",Union,4540,Roselle Boro,2035,56|78,0.131,2167,62|75,0.124,1991,43|76,0.106
"F. K–12, 1801 – 3500",Union,4550,Roselle Park Boro,1546,24|78,0.105,1657,33|75,0.107,1612,15|76,0.096
"F. K–12, 1801 – 3500",Union,5000,Springfield Twp,1806,42|78,0.124,1869,48|75,0.127,2019,46|76,0.128
"F. K–12, 1801 – 3500",Warren,1870,Hackettstown,1460,20|78,0.101,1512,24|75,0.102,1544,11|76,0.099
"G. K–12, 3501 +",Statewide,N.A.,1. State average - Operating Type K-12,1869,N.A.,0.118,1864,N.A.,0.115,2055,N.A.,0.119
"G. K–12, 3501 +",Statewide,N.A.,2. State median - Operating Type K-12,1733,N.A.,0.11,1727,N.A.,0.109,1885,N.A.,0.111
"G. K–12, 3501 +",Statewide,N.A.,5. State average - All operating types,1939,N.A.,0.12,1924,N.A.,0.118,2096,N.A.,0.12
"G. K–12, 3501 +",Statewide,N.A.,6. State median - All operating types,1911,N.A.,0.118,1869,N.A.,0.115,2001,N.A.,0.114
"G. K–12, 3501 +",Atlantic,110,Atlantic City,2514,87|94,0.14,2174,78|92,0.127,2828,84|92,0.138
"G. K–12, 3501 +",Atlantic,1310,Egg Harbor Twp,1785,55|94,0.118,1774,52|92,0.116,1957,54|92,0.114
"G. K–12, 3501 +",Bergen,300,Bergenfield Boro,2152,74|94,0.131,1811,55|92,0.113,1978,55|92,0.118
"G. K–12, 3501 +",Bergen,1450,Fair Lawn Public Schools,1620,37|94,0.099,1743,48|92,0.109,1916,53|92,0.11
"G. K–12, 3501 +",Bergen,1550,Fort Lee Boro,1536,27|94,0.108,1598,35|92,0.11,1841,44|92,0.118
"G. K–12, 3501 +",Bergen,1700,Garfield City,1775,54|94,0.103,1714,46|92,0.101,1799,36|92,0.1
"G. K–12, 3501 +",Bergen,1860,Hackensack City,1679,45|94,0.102,1767,51|92,0.105,2095,64|92,0.113
"G. K–12, 3501 +",Bergen,3930,Paramus Boro,2913,92|94,0.155,2620,88|92,0.139,3200,89|92,0.152
"G. K–12, 3501 +",Bergen,4390,Ridgewood Village,1847,57|94,0.116,1805,54|92,0.112,1854,45|92,0.11
"G. K–12, 3501 +",Bergen,5150,Teaneck Twp,2301,81|94,0.111,2299,82|92,0.112,2232,70|92,0.106
"G. K–12, 3501 +",Burlington,620,Burlington Twp,1572,31|94,0.104,1525,25|92,0.099,1700,24|92,0.1
"G. K–12, 3501 +",Burlington,3360,Moorestown Twp,1535,26|94,0.093,1571,32|92,0.095,1777,34|92,0.1
"G. K–12, 3501 +",Burlington,4050,Pemberton Twp,2159,76|94,0.118,2293,80|92,0.114,2235,71|92,0.106
"G. K–12, 3501 +",Camden,680,Camden City,3520,94|94,0.156,3260,91|92,0.143,3555,91|92,0.14
"G. K–12, 3501 +",Camden,800,Cherry Hill Twp,1301,9|94,0.086,1404,22|92,0.092,1462,11|92,0.089
"G. K–12, 3501 +",Camden,4060,Pennsauken Twp,2124,73|94,0.131,2055,72|92,0.129,2536,80|92,0.133
"G. K–12, 3501 +",Camden,5820,Winslow Twp,1433,17|94,0.088,1393,20|92,0.089,1566,14|92,0.088
"G. K–12, 3501 +",Cumberland,540,Bridgeton City,1552,30|94,0.107,1552,28|92,0.104,1779,35|92,0.105
"G. K–12, 3501 +",Cumberland,3230,Millville City,1888,59|94,0.123,1930,63|92,0.118,2029,57|92,0.119
"G. K–12, 3501 +",Cumberland,5390,Vineland City,1922,62|94,0.122,1550,27|92,0.107,1899,51|92,0.121
"G. K–12, 3501 +",Essex,250,Belleville Town,1340,12|94,0.099,1320,11|92,0.095,1280,3|92,0.095
"G. K–12, 3501 +",Essex,410,Bloomfield Twp,1483,20|94,0.108,1358,13|92,0.095,1814,40|92,0.117
"G. K–12, 3501 +",Essex,1210,East Orange,2495,86|94,0.133,2443,85|92,0.127,2968,87|92,0.139
"G. K–12, 3501 +",Essex,2330,Irvington Township,2412,83|94,0.155,2139,76|92,0.15,3598,92|92,0.197
"G. K–12, 3501 +",Essex,2730,Livingston Twp,1396,13|94,0.085,1285,7|92,0.079,1587,16|92,0.092
"G. K–12, 3501 +",Essex,3190,Millburn Twp,2051,69|94,0.119,1995,68|92,0.114,1840,43|92,0.102
"G. K–12, 3501 +",Essex,3310,Montclair Town,1622,38|94,0.096,1495,23|92,0.087,1603,19|92,0.088
"G. K–12, 3501 +",Essex,3570,Newark City,2556,88|94,0.153,3416,92|92,0.186,3051,88|92,0.16
"G. K–12, 3501 +",Essex,3750,Nutley Town,1507,22|94,0.105,1385,16|92,0.094,1600,18|92,0.1
"G. K–12, 3501 +",Essex,3880,City Of Orange Twp,1729,51|94,0.103,1725,47|92,0.106,1762,33|92,0.1
"G. K–12, 3501 +",Essex,4900,South Orange-Maplewood,1789,56|94,0.122,1851,57|92,0.126,2033,58|92,0.123
"G. K–12, 3501 +",Essex,5680,West Orange Town,2094,71|94,0.107,2095,74|92,0.106,2306,73|92,0.11
"G. K–12, 3501 +",Gloucester,1100,Deptford Twp,1592,32|94,0.114,1564,31|92,0.109,1745,29|92,0.114
"G. K–12, 3501 +",Gloucester,3280,Monroe Twp,1543,28|94,0.118,1303,9|92,0.105,1523,13|92,0.106
"G. K–12, 3501 +",Gloucester,5500,Washington Twp,1741,52|94,0.103,1743,48|92,0.104,1979,56|92,0.108
"G. K–12, 3501 +",Hudson,220,Bayonne City,1634,39|94,0.127,1677,43|92,0.125,1569,15|92,0.111
"G. K–12, 3501 +",Hudson,2390,Jersey City,2690,90|94,0.14,2479,87|92,0.134,2795,83|92,0.143
"G. K–12, 3501 +",Hudson,2410,Kearny Town,1722,50|94,0.115,1784,53|92,0.116,1800,38|92,0.109
"G. K–12, 3501 +",Hudson,3610,North Bergen Twp,1605,34|94,0.111,1667,41|92,0.115,1870,46|92,0.114
"G. K–12, 3501 +",Hudson,5240,Union City,3231,93|94,0.187,3158,90|92,0.176,3480,90|92,0.184
"G. K–12, 3501 +",Hudson,5670,West New York Town,1337,11|94,0.096,1303,9|92,0.094,1700,24|92,0.108
"G. K–12, 3501 +",Mercer,1245,East Windsor Regional,1646,41|94,0.112,1653,39|92,0.112,1894,50|92,0.111
"G. K–12, 3501 +",Mercer,1950,Hamilton Twp,1607,35|94,0.111,1553,29|92,0.108,1724,28|92,0.115
"G. K–12, 3501 +",Mercer,2580,Lawrence Twp,2196,78|94,0.132,2150,77|92,0.125,2114,66|92,0.118
"G. K–12, 3501 +",Mercer,4255,Princeton Public Schools,1970,65|94,0.098,1915,62|92,0.098,1881,48|92,0.103
"G. K–12, 3501 +",Mercer,5210,Trenton Public School District,2182,77|94,0.141,1957,65|92,0.126,2696,81|92,0.158
"G. K–12, 3501 +",Mercer,5715,W Windsor-Plainsboro Reg,1688,48|94,0.118,1348,12|92,0.094,1884,49|92,0.112
"G. K–12, 3501 +",Middlesex,750,Carteret Boro,1268,7|94,0.094,1213,6|92,0.087,1442,10|92,0.095
"G. K–12, 3501 +",Middlesex,1170,East Brunswick Twp,1853,58|94,0.12,1887,61|92,0.119,2185,68|92,0.132
"G. K–12, 3501 +",Middlesex,1290,Edison Twp,1223,6|94,0.099,1374,15|92,0.108,1436,9|92,0.108
"G. K–12, 3501 +",Middlesex,3290,Monroe Twp,1741,52|94,0.116,1690,45|92,0.112,1836,42|92,0.115
"G. K–12, 3501 +",Middlesex,3530,New Brunswick City,2440,84|94,0.151,2406,84|92,0.141,2882,86|92,0.156
"G. K–12, 3501 +",Middlesex,3620,North Brunswick Twp,1512,24|94,0.1,1574,33|92,0.101,1757,32|92,0.106
"G. K–12, 3501 +",Middlesex,3845,Old Bridge Twp,2156,75|94,0.134,2012,70|92,0.131,2078,63|92,0.128
"G. K–12, 3501 +",Middlesex,4090,Perth Amboy City,2009,67|94,0.111,1978,67|92,0.107,2701,82|92,0.13
"G. K–12, 3501 +",Middlesex,4130,Piscataway Twp,1682,47|94,0.126,1680,44|92,0.127,2064,61|92,0.128
"G. K–12, 3501 +",Middlesex,4660,Sayreville Boro,1170,3|94,0.094,1386,17|92,0.104,1592,17|92,0.107
"G. K–12, 3501 +",Middlesex,4860,South Brunswick Twp,2030,68|94,0.146,2000,69|92,0.146,1871,47|92,0.134
"G. K–12, 3501 +",Middlesex,5850,Woodbridge Twp,1074,1|94,0.078,1150,3|92,0.082,1367,5|92,0.085
"G. K–12, 3501 +",Monmouth,2770,Long Branch City,1979,66|94,0.121,1960,66|92,0.117,2124,67|92,0.118
"G. K–12, 3501 +",Monmouth,3040,Matawan-Aberdeen Regional,1399,14|94,0.089,1387,18|92,0.087,1508,12|92,0.092
"G. K–12, 3501 +",Monmouth,3160,Middletown Twp,1619,36|94,0.107,1672,42|92,0.112,1707,26|92,0.109
"G. K–12, 3501 +",Monmouth,3510,Neptune Twp,2743,91|94,0.155,2697,89|92,0.152,2832,85|92,0.147
"G. K–12, 3501 +",Morris,785,Sch Dist Of The Chathams,1639,40|94,0.111,1633,37|92,0.108,1756,31|92,0.11
"G. K–12, 3501 +",Morris,3385,Morris School District,2101,72|94,0.12,2116,75|92,0.123,2305,72|92,0.124
"G. K–12, 3501 +",Morris,3450,Mount Olive Twp,2485,85|94,0.153,2232,79|92,0.138,2327,74|92,0.132
"G. K–12, 3501 +",Morris,3950,Parsippany-Troy Hills Twp,1920,61|94,0.113,1877,60|92,0.11,2062,60|92,0.112
"G. K–12, 3501 +",Morris,4330,Randolph Twp,1902,60|94,0.113,1954,64|92,0.115,2075,62|92,0.114
"G. K–12, 3501 +",Ocean,530,Brick Twp,1199,5|94,0.081,1144,2|92,0.079,1211,2|92,0.08
"G. K–12, 3501 +",Ocean,2360,Jackson Twp,1648,43|94,0.108,1607,36|92,0.109,1825,41|92,0.117
"G. K–12, 3501 +",Ocean,2480,Lacey Twp,1647,42|94,0.106,1662,40|92,0.106,1811,39|92,0.111
"G. K–12, 3501 +",Ocean,2520,Lakewood Twp,1505,21|94,0.091,1555,30|92,0.093,2036,59|92,0.103
"G. K–12, 3501 +",Ocean,5190,Toms River Regional,1404,16|94,0.104,1398,21|92,0.106,1410,7|92,0.103
"G. K–12, 3501 +",Passaic,900,Clifton City,1085,2|94,0.081,1062,1|92,0.077,1109,1|92,0.076
"G. K–12, 3501 +",Passaic,3970,Passaic City,1957,64|94,0.113,2053,71|92,0.115,2534,79|92,0.127
"G. K–12, 3501 +",Passaic,4010,Paterson City,1951,63|94,0.122,1820,56|92,0.108,2097,65|92,0.122
"G. K–12, 3501 +",Passaic,5570,Wayne Twp,2208,79|94,0.121,2295,81|92,0.123,2357,76|92,0.118
"G. K–12, 3501 +",Somerset,350,Bernards Twp,1270,8|94,0.079,1191,5|92,0.073,1711,27|92,0.093
"G. K–12, 3501 +",Somerset,555,Bridgewater-Raritan Reg,1399,14|94,0.089,1359,14|92,0.086,1681,22|92,0.097
"G. K–12, 3501 +",Somerset,1610,Franklin Twp,2276,80|94,0.134,2055,72|92,0.121,2341,75|92,0.121
"G. K–12, 3501 +",Somerset,2170,Hillsborough Twp,1470,19|94,0.098,1388,19|92,0.095,1415,8|92,0.09
"G. K–12, 3501 +",Somerset,3320,Montgomery Twp,1691,49|94,0.107,1636,38|92,0.1,1799,36|92,0.103
"G. K–12, 3501 +",Union,980,Cranford Twp,1543,28|94,0.1,1588,34|92,0.102,1640,21|92,0.102
"G. K–12, 3501 +",Union,1320,Elizabeth City,2335,82|94,0.144,2457,86|92,0.146,2388,77|92,0.141
"G. K–12, 3501 +",Union,2660,Linden City,2054,70|94,0.125,1858,58|92,0.115,2219,69|92,0.123
"G. K–12, 3501 +",Union,4160,Plainfield City,2586,89|94,0.16,2348,83|92,0.094,2516,78|92,0.154
"G. K–12, 3501 +",Union,4290,Rahway City,1519,25|94,0.099,1293,8|92,0.083,1404,6|92,0.086
"G. K–12, 3501 +",Union,4670,Scotch Plains-Fanwood Reg,1681,46|94,0.115,1759,50|92,0.119,1687,23|92,0.108
"G. K–12, 3501 +",Union,5090,Summit City,1594,33|94,0.1,1547,26|92,0.098,1616,20|92,0.094
"G. K–12, 3501 +",Union,5290,Union Twp,1318,10|94,0.087,1506,24|92,0.099,1755,30|92,0.111
"G. K–12, 3501 +",Union,5730,Westfield Town,1179,4|94,0.079,1175,4|92,0.079,1291,4|92,0.08
"G. K–12, 3501 +",Warren,4100,Phillipsburg Town,1664,44|94,0.1,1859,59|92,0.113,1899,51|92,0.106
"H. 7–12, 9–12",Statewide,N.A.,1. State average - Operating Type 7-12,1960,N.A.,0.121,1950,N.A.,0.121,2171,N.A.,0.125
"H. 7–12, 9–12",Statewide,N.A.,2. State median - Operating Type 7-12,2096,N.A.,0.119,2035,N.A.,0.114,2368,N.A.,0.123
"H. 7–12, 9–12",Statewide,N.A.,3. State average - Operating Type 9-12,2155,N.A.,0.123,2174,N.A.,0.122,2405,N.A.,0.126
"H. 7–12, 9–12",Statewide,N.A.,4. State median - Operating Type 9-12,2133,N.A.,0.115,2221,N.A.,0.117,2474,N.A.,0.126
"H. 7–12, 9–12",Statewide,N.A.,5. State average - All operating types,1939,N.A.,0.12,1924,N.A.,0.118,2096,N.A.,0.12
"H. 7–12, 9–12",Statewide,N.A.,6. State median - All operating types,1911,N.A.,0.118,1869,N.A.,0.115,2001,N.A.,0.114
"H. 7–12, 9–12",Atlantic,1790,Greater Egg Harbor Reg,2498,37|46,0.149,2753,41|46,0.155,2859,39|46,0.152
"H. 7–12, 9–12",Atlantic,2910,Mainland Regional,2326,29|46,0.122,2375,34|46,0.12,3318,44|46,0.155
"H. 7–12, 9–12",Bergen,745,Carlstadt-East Rutherford,2808,44|46,0.135,2530,36|46,0.122,2693,34|46,0.124
"H. 7–12, 9–12",Bergen,3700,Northern Highlands Reg,2043,14|46,0.114,2125,24|46,0.119,2111,12|46,0.109
"H. 7–12, 9–12",Bergen,3710,Northern Valley Regional,2344,30|46,0.107,2249,29|46,0.096,2269,17|46,0.097
"H. 7–12, 9–12",Bergen,3960,Pascack Valley Regional,2694,42|46,0.127,3029,44|46,0.134,3226,43|46,0.132
"H. 7–12, 9–12",Bergen,4300,Ramapo-Indian Hill Reg,2447,35|46,0.129,2537,37|46,0.127,2799,35|46,0.132
"H. 7–12, 9–12",Bergen,4405,River Dell Regional,1687,7|46,0.095,1702,7|46,0.095,1863,6|46,0.096
"H. 7–12, 9–12",Burlington,2610,Lenape Regional,2407,34|46,0.13,2223,28|46,0.12,2342,20|46,0.122
"H. 7–12, 9–12",Burlington,3690,Northern Burlington Reg,1624,4|46,0.114,1703,8|46,0.121,1995,10|46,0.132
"H. 7–12, 9–12",Burlington,4320,Rancocas Valley Regional,2050,16|46,0.146,1892,11|46,0.139,2071,11|46,0.14
"H. 7–12, 9–12",Camden,390,Black Horse Pike Regional,2283,28|46,0.144,2135,25|46,0.138,2474,25|46,0.141
"H. 7–12, 9–12",Camden,1255,Eastern Camden County Reg,2091,20|46,0.132,1946,12|46,0.127,2137,13|46,0.126
"H. 7–12, 9–12",Camden,5035,Sterling High School Dist,1829,9|46,0.124,2004,15|46,0.129,2325,19|46,0.14
"H. 7–12, 9–12",Cape May,2820,Lower Cape May Regional,2651,41|46,0.142,2655,39|46,0.142,2838,38|46,0.139
"H. 7–12, 9–12",Cumberland,997,Cumberland Regional,2517,38|46,0.161,4004,46|46,0.224,3089,41|46,0.161
"H. 7–12, 9–12",Essex,5630,West Essex Regional,2380,33|46,0.127,2669,40|46,0.134,2810,37|46,0.136
"H. 7–12, 9–12",Gloucester,870,Clearview Regional,1650,6|46,0.126,1687,6|46,0.126,1894,7|46,0.133
"H. 7–12, 9–12",Gloucester,1715,Gateway Regional,2096,21|46,0.112,2062,18|46,0.112,2534,29|46,0.117
"H. 7–12, 9–12",Gloucester,2440,Kingsway Regional,1244,1|46,0.112,1292,1|46,0.115,1384,1|46,0.112
"H. 7–12, 9–12",Gloucester,4940,Delsea Regional H.S Dist.,2046,15|46,0.132,1970,13|46,0.128,2211,14|46,0.134
"H. 7–12, 9–12",Hunterdon,1050,Delaware Valley Regional,2588,39|46,0.114,2367,33|46,0.107,2613,30|46,0.112
"H. 7–12, 9–12",Hunterdon,2300,Hunterdon Central Reg,2073,19|46,0.115,2101,20|46,0.109,2366,21|46,0.112
"H. 7–12, 9–12",Hunterdon,3660,N Hunt/Voorhees Regional,2737,43|46,0.157,2873,42|46,0.156,3553,46|46,0.169
"H. 7–12, 9–12",Monmouth,1650,Freehold Regional,1483,3|46,0.102,1537,3|46,0.107,1732,5|46,0.112
"H. 7–12, 9–12",Monmouth,2120,Henry Hudson Regional,2254,27|46,0.101,2198,26|46,0.1,2616,31|46,0.111
"H. 7–12, 9–12",Monmouth,3270,Monmouth Regional,2357,31|46,0.108,2562,38|46,0.111,2933,40|46,0.121
"H. 7–12, 9–12",Monmouth,4365,Red Bank Regional,2066,18|46,0.106,1683,5|46,0.095,1933,8|46,0.103
"H. 7–12, 9–12",Monmouth,4580,Rumson-Fair Haven Reg,1911,11|46,0.112,2089,19|46,0.119,1705,4|46,0.096
"H. 7–12, 9–12",Monmouth,4760,Shore Regional,3443,46|46,0.167,3170,45|46,0.147,3150,42|46,0.143
"H. 7–12, 9–12",Morris,1990,Hanover Park Regional,1887,10|46,0.1,1826,10|46,0.096,2421,23|46,0.114
"H. 7–12, 9–12",Morris,3370,Morris Hills Regional,2099,22|46,0.108,2221,27|46,0.11,2514,27|46,0.118
"H. 7–12, 9–12",Morris,5660,West Morris Regional,1790,8|46,0.107,1785,9|46,0.106,2276,18|46,0.12
"H. 7–12, 9–12",Ocean,770,Central Regional,1640,5|46,0.113,1596,4|46,0.111,1625,2|46,0.109
"H. 7–12, 9–12",Ocean,4105,Pinelands Regional,2494,36|46,0.134,2354,32|46,0.127,2368,22|46,0.124
"H. 7–12, 9–12",Ocean,4950,Southern Regional,2376,32|46,0.14,2280,30|46,0.137,2653,33|46,0.138
"H. 7–12, 9–12",Passaic,2510,Lakeland Regional,1975,12|46,0.092,2057,17|46,0.096,1981,9|46,0.094
"H. 7–12, 9–12",Passaic,3980,Passaic Co Manchester Reg,1482,2|46,0.099,1536,2|46,0.097,1653,3|46,0.095
"H. 7–12, 9–12",Passaic,3990,Passaic Valley Regional,2639,40|46,0.145,2906,43|46,0.147,3512,45|46,0.162
"H. 7–12, 9–12",Somerset,5550,Watchung Hills Regional,2133,24|46,0.124,2119,23|46,0.121,2530,28|46,0.134
"H. 7–12, 9–12",Sussex,2165,High Point Regional,3237,45|46,0.145,2482,35|46,0.119,2801,36|46,0.129
"H. 7–12, 9–12",Sussex,2465,Kittatinny Regional,2159,26|46,0.103,2106,21|46,0.101,2509,26|46,0.115
"H. 7–12, 9–12",Sussex,2615,Lenape Valley Regional,2132,23|46,0.115,2351,31|46,0.123,2640,32|46,0.137
"H. 7–12, 9–12",Sussex,5435,Wallkill Valley Regional,2055,17|46,0.1,2106,21|46,0.104,2256,16|46,0.115
"H. 7–12, 9–12",Warren,3675,North Warren Regional,2012,13|46,0.109,1995,14|46,0.109,2237,15|46,0.114
"H. 7–12, 9–12",Warren,5465,Warren Hills Regional,2157,25|46,0.123,2035,16|46,0.115,2468,24|46,0.132
I. CSSD,Statewide,N.A.,1. State average -  Operating Type CSSD,6741,N.A.,0.107,6672,N.A.,0.106,7667,N.A.,0.109
I. CSSD,Statewide,N.A.,2. State median - Operating Type CSSD,6260,N.A.,0.119,6550,N.A.,0.123,7522,N.A.,0.129
I. CSSD,Statewide,N.A.,5. State average - All operating types,1939,N.A.,0.12,1924,N.A.,0.118,2096,N.A.,0.12
I. CSSD,Statewide,N.A.,6. State median - All operating types,1911,N.A.,0.118,1869,N.A.,0.115,2001,N.A.,0.114
I. CSSD,Atlantic,125,Atlantic Co Special Serv,6260,4|7,0.119,6550,4|7,0.126,7522,4|7,0.129
I. CSSD,Bergen,285,Bergen Co Special Service,9030,7|7,0.107,9348,7|7,0.116,10118,7|7,0.106
I. CSSD,Burlington,605,Burlington Co Spec Serv,7849,5|7,0.117,7237,5|7,0.109,8507,5|7,0.115
I. CSSD,Cape May,715,Cape May Co Special Serv,8880,6|7,0.169,8949,6|7,0.168,9454,6|7,0.17
I. CSSD,Gloucester,1774,Gloucester Co Spec Serv,5255,3|7,0.11,4506,2|7,0.097,5861,2|7,0.108
I. CSSD,Mercer,3103,Mercer County Special Services School Di,5205,2|7,0.079,5522,3|7,0.076,6439,3|7,0.083
I. CSSD,Salem,4635,Salem Co Special Service,3264,1|7,0.068,3302,1|7,0.068,4345,1|7,0.082
J. Voc,Statewide,N.A.,1. State average - Operating Type VOC,2917,N.A.,0.163,2796,N.A.,0.159,3148,N.A.,0.167
J. Voc,Statewide,N.A.,2. State median - Operating Type VOC,2895,N.A.,0.166,2731,N.A.,0.161,2978,N.A.,0.158
J. Voc,Statewide,N.A.,5. State average - All operating types,1939,N.A.,0.12,1924,N.A.,0.118,2096,N.A.,0.12
J. Voc,Statewide,N.A.,6. State median - All operating types,1911,N.A.,0.118,1869,N.A.,0.115,2001,N.A.,0.114
J. Voc,Atlantic,120,Atlantic Co Vocational,2457,6|21,0.181,2738,12|21,0.194,2938,9|21,0.179
J. Voc,Bergen,290,Bergen County Vocational Technical Schoo,3736,16|21,0.147,3915,17|21,0.153,3979,15|21,0.141
J. Voc,Burlington,610,Burlington Co Vocational,2893,10|21,0.186,2753,13|21,0.177,3000,11|21,0.179
J. Voc,Camden,700,Camden County Vocational,3704,15|21,0.193,3224,15|21,0.174,4020,16|21,0.192
J. Voc,Cape May,720,Cape May County Vocational School Distri,4037,19|21,0.174,4021,20|21,0.175,4697,19|21,0.176
J. Voc,Cumberland,995,Cumberland Co Vocational,3043,13|21,0.168,2148,6|21,0.146,3915,14|21,0.195
J. Voc,Essex,1390,Essex Co Voc-Tech,3150,14|21,0.182,2786,14|21,0.171,5640,20|21,0.248
J. Voc,Gloucester,1775,Gloucester Co Vocational,2302,5|21,0.173,2120,5|21,0.16,2636,5|21,0.173
J. Voc,Hudson,2295,Hudson County Vocational,3039,12|21,0.162,3260,16|21,0.171,2956,10|21,0.158
J. Voc,Hunterdon,2308,Hunterdon Co Vocational,3926,18|21,0.239,2470,8|21,0.161,1649,3|21,0.15
J. Voc,Mercer,3105,Mercer County Vocational,4480,20|21,0.196,3964,18|21,0.205,4653,18|21,0.216
J. Voc,Middlesex,3150,Middlesex Co Vocational,3914,17|21,0.211,4005,19|21,0.216,3577,13|21,0.216
J. Voc,Monmouth,3260,Monmouth Co Vocational,2895,11|21,0.146,2706,10|21,0.139,2734,7|21,0.144
J. Voc,Morris,3365,Morris County Vocational,1538,1|21,0.104,1346,1|21,0.097,1426,2|21,0.095
J. Voc,Ocean,3790,Ocean County Vocational,1920,4|21,0.123,1936,4|21,0.126,1301,1|21,0.118
J. Voc,Passaic,3995,Passaic County Vocational,2670,8|21,0.135,2655,9|21,0.135,2620,4|21,0.124
J. Voc,Salem,4640,Salem County Vocational,1665,2|21,0.135,1471,2|21,0.121, N.R. ,N.R.,N.R.
J. Voc,Somerset,4810,Somerset Co Vocational,4838,21|21,0.161,4053,21|21,0.143,4624,17|21,0.153
J. Voc,Sussex,5110,Sussex County Vocational,2520,7|21,0.154,2731,11|21,0.16,2688,6|21,0.155
J. Voc,Union,5260,Union County Vocational,1819,3|21,0.167,1785,3|21,0.154,2914,8|21,0.198
J. Voc,Warren,5460,Warren County Vocational,2858,9|21,0.164,2424,7|21,0.143,3166,12|21,0.155
K. Charter,Statewide,N.A.,1. State average-Operating Type CHARTER,2637,N.A.,0.186,2472,N.A.,0.175,1799,N.A.,0.12
K. Charter,Statewide,N.A.,2. State median-Operating Type CHARTER,2461,N.A.,0.181,2440,N.A.,0.178,1725,N.A.,0.12
K. Charter,Statewide,N.A.,5. State average - All operating types,1939,N.A.,0.12,1924,N.A.,0.118,2096,N.A.,0.12
K. Charter,Statewide,N.A.,6. State median - All operating types,1911,N.A.,0.118,1869,N.A.,0.115,2001,N.A.,0.114
K. Charter,Atlantic,6060,Atlantic Community Charter School,1923,23|90,0.124,1913,23|89,0.117,1426,32|90,0.086
K. Charter,Atlantic,6104,Principle Academy Charter School,2551,48|90,0.176,2093,31|89,0.143,1393,30|90,0.097
K. Charter,Atlantic,7410,Charter~tech High School,2892,64|90,0.172,2421,44|89,0.144,444,9|90,0.027
K. Charter,Bergen,6013,Bergen Arts And Sciences Charter School,2391,38|90,0.202,2335,40|89,0.192,1351,28|90,0.104
K. Charter,Bergen,6430,Englewood On The Palisades Charter Schoo,1559,13|90,0.115,1548,16|89,0.117,1630,39|90,0.109
K. Charter,Bergen,7890,Teaneck Community Cs,3384,76|90,0.208,3749,82|89,0.222,2942,83|90,0.163
K. Charter,Burlington,6026,Riverbank Charter School Of Excelle,1156,4|90,0.113,1143,7|89,0.111,1168,21|90,0.106
K. Charter,Burlington,6076,Benjamin Banneker Prep Cs,914,2|90,0.077,1352,11|89,0.097,984,15|90,0.069
K. Charter,Camden,1799,Kipp Cooper Norcross,1281,6|90,0.082,1193,8|89,0.075,1998,59|90,0.097
K. Charter,Camden,1801,Camden Prep,2378,37|90,0.163, N.R. ,N.R.,N.R.,3080,84|90,0.185
K. Charter,Camden,1802,Mastery Schools Of Camden,3152,72|90,0.167,2612,54|89,0.15,1745,47|90,0.098
K. Charter,Camden,6086,Hope Community Cs,2710,58|90,0.204,3843,83|89,0.218,2325,77|90,0.158
K. Charter,Camden,6107,Camden’s Promise Charter School,2574,50|90,0.186,2493,48|89,0.176,2719,82|90,0.19
K. Charter,Camden,6232,Environment Community Cs,2719,60|90,0.138,2471,46|89,0.161,2251,71|90,0.117
K. Charter,Camden,6240,Freedom Prep Charter School,1410,8|90,0.101,1636,18|89,0.126,1274,27|90,0.084
K. Charter,Camden,7109,Leap Academy University Cs,2265,32|90,0.175,2353,41|89,0.179,1241,24|90,0.092
K. Charter,Cumberland,6028,Vineland Public Charter School,2308,34|90,0.215,2459,45|89,0.245,2068,63|90,0.22
K. Charter,Cumberland,6069,Millville Public Charter School,2593,51|90,0.244,2691,57|89,0.267,2345,78|90,0.208
K. Charter,Cumberland,6089,Compass Academy Cs,1593,15|90,0.161,1356,12|89,0.132,978,14|90,0.098
K. Charter,Cumberland,6100,Bridgeton Public Charter School,4469,84|90,0.346,3569,79|89,0.26,3696,88|90,0.216
K. Charter,Essex,6020,Pride Academy Charter School,4985,87|90,0.343,4780,86|89,0.323,1917,55|90,0.094
K. Charter,Essex,6022,Burch Charter School Of Excellence,2617,54|90,0.189,2167,34|89,0.167,2141,66|90,0.168
K. Charter,Essex,6029,Newark Educators Community Charter Schoo,4443,83|90,0.247,4788,87|89,0.222,1969,57|90,0.125
K. Charter,Essex,6053,Great Oaks Legacy Charter School,2132,30|90,0.129,2094,32|89,0.149,2159,68|90,0.135
K. Charter,Essex,6057,Peoples Preparatory Charter School,7406,89|90,0.395,1722,20|89,0.087,1451,33|90,0.072
K. Charter,Essex,6058,Roseville Community Cs,2492,47|90,0.152,2690,56|89,0.127,2059,62|90,0.089
K. Charter,Essex,6094,Phillip's Academy Charter School,2700,57|90,0.185,3685,80|89,0.244,1112,18|90,0.085
K. Charter,Essex,6099,Link Community Charter School,1635,16|90,0.096,1584,17|89,0.098,1565,36|90,0.095
K. Charter,Essex,6109,Lead Charter School,2058,27|90,0.155,3349,78|89,0.2,3858,89|90,0.194
K. Charter,Essex,6110,Achieve Community Charter School,2468,46|90,0.186,2074,30|89,0.142,2481,81|90,0.175
K. Charter,Essex,6320,Discovery Cs,2319,35|90,0.13,2245,36|89,0.156,2444,79|90,0.154
K. Charter,Essex,6410,East Orange Community Cs,1509,10|90,0.11,1477,14|89,0.097,1601,37|90,0.1
K. Charter,Essex,6665,Gray Cs,2444,43|90,0.166,2572,52|89,0.161,2456,80|90,0.154
K. Charter,Essex,7210,Marion P. Thomas Cs,4117,82|90,0.23,3243,76|89,0.18,2311,75|90,0.119
K. Charter,Essex,7290,New Horizons Comm. Cs,1806,20|90,0.146,2599,53|89,0.193,598,11|90,0.034
K. Charter,Essex,7320,North Star Academy Charter School,2930,67|90,0.194,2664,55|89,0.18,2001,60|90,0.139
K. Charter,Essex,7325,Team Academy Charter School,2458,44|90,0.155,2129,33|89,0.13,1781,51|90,0.106
K. Charter,Essex,7730,Robert Treat Academy Cs,4855,86|90,0.33,2937,65|89,0.211,2208,70|90,0.153
K. Charter,Essex,7735,Maria L. Varisco-Rogers Cs,2115,29|90,0.131,2380,43|89,0.146,1648,41|90,0.085
K. Charter,Essex,8065,University Heights Cs,2304,33|90,0.125,1062,5|89,0.065,1145,20|90,0.073
K. Charter,Hudson,6030,The Ethical Community Charter School,2552,49|90,0.253,2899,64|89,0.268,992,16|90,0.081
K. Charter,Hudson,6036,Hola Hoboken Dual Lang Cs,2111,28|90,0.189,1946,25|89,0.169,1671,43|90,0.138
K. Charter,Hudson,6064,Dr Lena Edwards Academic Charter School,1934,25|90,0.146,1714,19|89,0.132,1771,50|90,0.123
K. Charter,Hudson,6082,Beloved Community Charter School,3763,81|90,0.359,4181,85|89,0.351,1938,56|90,0.146
K. Charter,Hudson,6093,Jersey City Global Cs,2014,26|90,0.218,1810,22|89,0.204,1264,26|90,0.123
K. Charter,Hudson,6103,Empowerment Academy Charter School,3074,70|90,0.299,2767,61|89,0.267,1815,53|90,0.146
K. Charter,Hudson,6105,Hudson Arts And Science  Charter School,3379,75|90,0.274,3117,74|89,0.255,1713,45|90,0.136
K. Charter,Hudson,6420,Elysian Cs Of Hoboken,2838,62|90,0.187,2771,62|89,0.202,1636,40|90,0.114
K. Charter,Hudson,6720,Hoboken Cs,2463,45|90,0.16,2330,39|89,0.16,4657,90|90,0.262
K. Charter,Hudson,6910,Jersey City Comm. Cs,1300,7|90,0.132,611,2|89,0.062,436,8|90,0.033
K. Charter,Hudson,6915,Jersey City Golden Door Charter School,3404,77|90,0.284,3029,68|89,0.269,1874,54|90,0.152
K. Charter,Hudson,7115,Learning Community Cs,1640,17|90,0.153,2009,28|89,0.176,367,4|90,0.035
K. Charter,Hudson,7830,Soaring Heights Cs,1932,24|90,0.183, N.R. ,N.R.,N.R.,1608,38|90,0.122
K. Charter,Hudson,8060,University Academy Cs,2609,53|90,0.164,2521,50|89,0.161,2299,73|90,0.137
K. Charter,Mercer,6017,Foundation Academy Cs,1681,19|90,0.133,1732,21|89,0.137,1235,22|90,0.084
K. Charter,Mercer,6025,Paul Robeson Humanities  Charter School,2338,36|90,0.162,2938,66|89,0.204,1144,19|90,0.082
K. Charter,Mercer,6183,Trenton Stem-To-Civics Cs,3000,69|90,0.179,2014,29|89,0.145,1521,34|90,0.097
K. Charter,Mercer,6810,International Charter School,1672,18|90,0.117,1224,9|89,0.084,1257,25|90,0.085
K. Charter,Mercer,7500,Pace Cs Of Hamilton,2401,39|90,0.191,1947,26|89,0.166,1528,35|90,0.119
K. Charter,Mercer,7540,Princeton Cs,1574,14|90,0.106,1478,15|89,0.104,353,2|90,0.024
K. Charter,Mercer,7895,Achievers Early College Prep Charter Sch,1522,11|90,0.112,3037,70|89,0.238,1236,23|90,0.092
K. Charter,Mercer,8140,Village Cs,1482,9|90,0.123,931,3|89,0.081,384,7|90,0.029
K. Charter,Middlesex,6032,Academy For Urban Leadership Charter Sch,2150,31|90,0.15,2558,51|89,0.173,993,17|90,0.059
K. Charter,Middlesex,6041,Hatikvah International Cs,1860,22|90,0.156,1952,27|89,0.164,2144,67|90,0.177
K. Charter,Middlesex,6635,Greater Brunswick Cs,459,1|90,0.035,326,1|89,0.025,378,6|90,0.024
K. Charter,Middlesex,7896,Middlesex Charter School,3538,79|90,0.279,3103,73|89,0.295,2013,61|90,0.202
K. Charter,Monmouth,6010,Academy Charter High School,2914,65|90,0.174,3087,72|89,0.175,2129,65|90,0.106
K. Charter,Monmouth,6740,Hope Academy Cs,2423,40|90,0.195,2372,42|89,0.201,743,12|90,0.051
K. Charter,Monmouth,7720,The Red Bank Cs,1810,21|90,0.108,1436,13|89,0.085,343,1|90,0.024
K. Charter,Monmouth,7891,College Achieve Greater Asbury Park Char,5134,88|90,0.301,2970,67|89,0.18,954,13|90,0.059
K. Charter,Morris,8050,Unity Cs,2424,41|90,0.162,3176,75|89,0.199,2293,72|90,0.139
K. Charter,Ocean,7893,Ocean Academy Charter School,2915,66|90,0.222,2488,47|89,0.191,3486,86|90,0.182
K. Charter,Passaic,6021,Community Charter School Of Paterso,4542,85|90,0.345,5059,88|89,0.363,3159,85|90,0.181
K. Charter,Passaic,6079,John P Holland Charter School,2647,56|90,0.174,3847,84|89,0.241,3519,87|90,0.291
K. Charter,Passaic,6080,Passaic Arts And Science Charter School,2603,52|90,0.224,2325,38|89,0.2,1383,29|90,0.103
K. Charter,Passaic,6096,Paterson Arts And Science Charter School,3723,80|90,0.281,3295,77|89,0.251,1660,42|90,0.123
K. Charter,Passaic,6106,Philip’s Charter School Of Paterson,3108,71|90,0.249,3740,81|89,0.298,1763,49|90,0.135
K. Charter,Passaic,6230,Classical Academy Charter School Of Clif,3258,73|90,0.204,2235,35|89,0.177,2178,69|90,0.193
K. Charter,Passaic,7503,Paterson Cs For Sci/Tech,3329,74|90,0.269,3083,71|89,0.245,2077,64|90,0.139
K. Charter,Passaic,7892,College Achieve Paterson Charter School,2776,61|90,0.226,3036,69|89,0.23,1399,31|90,0.104
K. Charter,Salem,7897,Creativity Colaboratory Charter School, N.R. ,N.R.,N.R.,1924,24|89,0.149,1750,48|90,0.128
K. Charter,Somerset,6018,Central Jersey College Prep Charter Scho,2643,55|90,0.233,2872,63|89,0.236,1696,44|90,0.142
K. Charter,Somerset,6081,Thomas Edison Energysmart Charter School,2853,63|90,0.27,2713,58|89,0.256,1810,52|90,0.151
K. Charter,Sussex,7850,Sussex County Technology Charter School,1247,5|90,0.077,1123,6|89,0.072,369,5|90,0.02
K. Charter,Union,6033,The Barack Obama Green Charter High Scho,2714,59|90,0.201,2507,49|89,0.174,2321,76|90,0.147
K. Charter,Union,6101,College Achieve Central Charter School,2436,42|90,0.202,2758,59|89,0.221,1997,58|90,0.162
K. Charter,Union,6102,Cresthaven Academy Charter School,2975,68|90,0.252,2265,37|89,0.204,1736,46|90,0.136
K. Charter,Union,7600,Queen City Academy Cs,1107,3|90,0.094,960,4|89,0.092,584,10|90,0.045
K. Charter,Union,8010,Union County Teams Cs, N.R. ,N.R.,N.R.,2764,60|89,0.233,2308,74|90,0.171
K. Charter,Warren,7727,Ridge And Valley Cs,1536,12|90,0.102,1327,10|89,0.088,364,3|90,0.022
